[gtfs_overlap_merge] raw_frequency_rows=10
[gtfs_overlap_merge] unique_service_patterns_before_overlap_merge=10
[gtfs_overlap_merge] overlap_groups_count=10
[gtfs_overlap_merge] selected_representative_patterns_count=10
[gtfs_overlap_merge] discarded_overlapping_patterns_count=0
[gtfs_overlap_merge] generated_trip_instances_before_merge=2149
[gtfs_overlap_merge] generated_trip_instances_after_overlap_merge=2149
[gtfs_overlap_merge] active_count_comparison time=05_00 before=103 after=103
[gtfs_overlap_merge] active_count_comparison time=06_00 before=129 after=129
[gtfs_overlap_merge] active_count_comparison time=10_00 before=101 after=101
[gtfs_overlap_merge] active_count_comparison time=12_00 before=101 after=101
[gtfs_overlap_merge] active_count_comparison time=17_00 before=101 after=101
[gtfs_overlap_merge] active_count_comparison time=22_00 before=101 after=101
[gtfs_overlap_validation] route_direction route_id=1 direction_id=0 patterns_before_merge=1 overlap_groups=1 duplicate_merge_groups=0 possible_subroute_variants_detected=0 low_overlap_variants=0 selected_representative_trip_ids=['1-R07'] discarded_trip_ids=[] kept_low_overlap_trip_ids=[] low_overlap_variants_preserved=False active_trip_instances_after_merge_at_sample_times={'05_00': 12, '06_00': 12, '10_00': 12, '12_00': 12, '17_00': 12, '22_00': 12}
[gtfs_overlap_validation] route_direction route_id=1 direction_id=1 patterns_before_merge=1 overlap_groups=1 duplicate_merge_groups=0 possible_subroute_variants_detected=0 low_overlap_variants=0 selected_representative_trip_ids=['1-R08'] discarded_trip_ids=[] kept_low_overlap_trip_ids=[] low_overlap_variants_preserved=False active_trip_instances_after_merge_at_sample_times={'05_00': 12, '06_00': 12, '10_00': 12, '12_00': 12, '17_00': 12, '22_00': 12}
[gtfs_overlap_validation] route_direction route_id=2 direction_id=0 patterns_before_merge=1 overlap_groups=1 duplicate_merge_groups=0 possible_subroute_variants_detected=0 low_overlap_variants=0 selected_representative_trip_ids=['2-R05'] discarded_trip_ids=[] kept_low_overlap_trip_ids=[] low_overlap_variants_preserved=False active_trip_instances_after_merge_at_sample_times={'05_00': 15, '06_00': 15, '10_00': 15, '12_00': 15, '17_00': 15, '22_00': 15}
[gtfs_overlap_validation] route_direction route_id=2 direction_id=1 patterns_before_merge=1 overlap_groups=1 duplicate_merge_groups=0 possible_subroute_variants_detected=0 low_overlap_variants=0 selected_representative_trip_ids=['2-R04'] discarded_trip_ids=[] kept_low_overlap_trip_ids=[] low_overlap_variants_preserved=False active_trip_instances_after_merge_at_sample_times={'05_00': 1, '06_00': 16, '10_00': 0, '12_00': 0, '17_00': 0, '22_00': 0}
[gtfs_overlap_validation] route_direction route_id=3 direction_id=0 patterns_before_merge=1 overlap_groups=1 duplicate_merge_groups=0 possible_subroute_variants_detected=0 low_overlap_variants=0 selected_representative_trip_ids=['3-R05'] discarded_trip_ids=[] kept_low_overlap_trip_ids=[] low_overlap_variants_preserved=False active_trip_instances_after_merge_at_sample_times={'05_00': 23, '06_00': 23, '10_00': 23, '12_00': 23, '17_00': 23, '22_00': 23}
[gtfs_overlap_validation] route_direction route_id=3 direction_id=1 patterns_before_merge=1 overlap_groups=1 duplicate_merge_groups=0 possible_subroute_variants_detected=0 low_overlap_variants=0 selected_representative_trip_ids=['3-R06'] discarded_trip_ids=[] kept_low_overlap_trip_ids=[] low_overlap_variants_preserved=False active_trip_instances_after_merge_at_sample_times={'05_00': 1, '06_00': 12, '10_00': 0, '12_00': 0, '17_00': 0, '22_00': 0}
[gtfs_overlap_validation] route_direction route_id=4 direction_id=0 patterns_before_merge=1 overlap_groups=1 duplicate_merge_groups=0 possible_subroute_variants_detected=0 low_overlap_variants=0 selected_representative_trip_ids=['4-R26'] discarded_trip_ids=[] kept_low_overlap_trip_ids=[] low_overlap_variants_preserved=False active_trip_instances_after_merge_at_sample_times={'05_00': 9, '06_00': 9, '10_00': 9, '12_00': 9, '17_00': 9, '22_00': 9}
[gtfs_overlap_validation] route_direction route_id=4 direction_id=1 patterns_before_merge=1 overlap_groups=1 duplicate_merge_groups=0 possible_subroute_variants_detected=0 low_overlap_variants=0 selected_representative_trip_ids=['4-R27'] discarded_trip_ids=[] kept_low_overlap_trip_ids=[] low_overlap_variants_preserved=False active_trip_instances_after_merge_at_sample_times={'05_00': 9, '06_00': 9, '10_00': 9, '12_00': 9, '17_00': 9, '22_00': 9}
[gtfs_overlap_validation] route_direction route_id=5 direction_id=0 patterns_before_merge=2 overlap_groups=2 duplicate_merge_groups=0 possible_subroute_variants_detected=0 low_overlap_variants=1 selected_representative_trip_ids=['5-R01', '5-R02'] discarded_trip_ids=[] kept_low_overlap_trip_ids=['5-R01', '5-R02'] low_overlap_variants_preserved=True active_trip_instances_after_merge_at_sample_times={'05_00': 21, '06_00': 21, '10_00': 21, '12_00': 21, '17_00': 21, '22_00': 21}
[gtfs_overlap_validation] selected_pattern_reasonableness route_id=1 direction_id=0 trip_id=1-R07 start_time=0 end_time=86399 headway_secs=360 service_headway_secs=360 trip_duration_seconds=4088 estimated_active_instances=11.36 active_instances_at_05_00=12 active_instances_at_06_00=12 active_instances_at_10_00=12 active_instances_at_12_00=12 active_instances_at_17_00=12 active_instances_at_22_00=12
[gtfs_overlap_validation] selected_pattern_reasonableness route_id=1 direction_id=1 trip_id=1-R08 start_time=0 end_time=86399 headway_secs=360 service_headway_secs=360 trip_duration_seconds=4255 estimated_active_instances=11.82 active_instances_at_05_00=12 active_instances_at_06_00=12 active_instances_at_10_00=12 active_instances_at_12_00=12 active_instances_at_17_00=12 active_instances_at_22_00=12
[gtfs_overlap_validation] selected_pattern_reasonableness route_id=2 direction_id=0 trip_id=2-R05 start_time=0 end_time=86399 headway_secs=257 service_headway_secs=257 trip_duration_seconds=3740 estimated_active_instances=14.55 active_instances_at_05_00=15 active_instances_at_06_00=15 active_instances_at_10_00=15 active_instances_at_12_00=15 active_instances_at_17_00=15 active_instances_at_22_00=15
[gtfs_overlap_validation] selected_pattern_reasonableness route_id=2 direction_id=1 trip_id=2-R04 start_time=18000 end_time=21600 headway_secs=200 service_headway_secs=200 trip_duration_seconds=3362 estimated_active_instances=16.81 active_instances_at_05_00=1 active_instances_at_06_00=16 active_instances_at_10_00=0 active_instances_at_12_00=0 active_instances_at_17_00=0 active_instances_at_22_00=0
[gtfs_overlap_validation] selected_pattern_reasonableness route_id=3 direction_id=0 trip_id=3-R05 start_time=0 end_time=86399 headway_secs=200 service_headway_secs=200 trip_duration_seconds=4516 estimated_active_instances=22.58 active_instances_at_05_00=23 active_instances_at_06_00=23 active_instances_at_10_00=23 active_instances_at_12_00=23 active_instances_at_17_00=23 active_instances_at_22_00=23
[gtfs_overlap_validation] selected_pattern_reasonableness route_id=3 direction_id=1 trip_id=3-R06 start_time=18000 end_time=21600 headway_secs=327 service_headway_secs=327 trip_duration_seconds=4287 estimated_active_instances=13.11 active_instances_at_05_00=1 active_instances_at_06_00=12 active_instances_at_10_00=0 active_instances_at_12_00=0 active_instances_at_17_00=0 active_instances_at_22_00=0
[gtfs_overlap_validation] selected_pattern_reasonableness route_id=4 direction_id=0 trip_id=4-R26 start_time=0 end_time=86399 headway_secs=500 service_headway_secs=500 trip_duration_seconds=4334 estimated_active_instances=8.67 active_instances_at_05_00=9 active_instances_at_06_00=9 active_instances_at_10_00=9 active_instances_at_12_00=9 active_instances_at_17_00=9 active_instances_at_22_00=9
[gtfs_overlap_validation] selected_pattern_reasonableness route_id=4 direction_id=1 trip_id=4-R27 start_time=0 end_time=86399 headway_secs=450 service_headway_secs=450 trip_duration_seconds=4048 estimated_active_instances=9.00 active_instances_at_05_00=9 active_instances_at_06_00=9 active_instances_at_10_00=9 active_instances_at_12_00=9 active_instances_at_17_00=9 active_instances_at_22_00=9
[gtfs_overlap_validation] selected_pattern_reasonableness route_id=5 direction_id=0 trip_id=5-R01 start_time=0 end_time=86399 headway_secs=327 service_headway_secs=327 trip_duration_seconds=3390 estimated_active_instances=10.37 active_instances_at_05_00=11 active_instances_at_06_00=11 active_instances_at_10_00=11 active_instances_at_12_00=11 active_instances_at_17_00=11 active_instances_at_22_00=11
[gtfs_overlap_validation] selected_pattern_reasonableness route_id=5 direction_id=0 trip_id=5-R02 start_time=0 end_time=86399 headway_secs=360 service_headway_secs=360 trip_duration_seconds=3511 estimated_active_instances=9.75 active_instances_at_05_00=10 active_instances_at_06_00=10 active_instances_at_10_00=10 active_instances_at_12_00=10 active_instances_at_17_00=10 active_instances_at_22_00=10
[gtfs_overlap_validation] active_trip_instances_after_merge_by_route_direction_at_05_00={'1/0': 12, '1/1': 12, '2/0': 15, '2/1': 1, '3/0': 23, '3/1': 1, '4/0': 9, '4/1': 9, '5/0': 21}
[gtfs_overlap_validation] active_trip_instances_after_merge_by_route_direction_at_06_00={'1/0': 12, '1/1': 12, '2/0': 15, '2/1': 16, '3/0': 23, '3/1': 12, '4/0': 9, '4/1': 9, '5/0': 21}
[gtfs_overlap_validation] active_trip_instances_after_merge_by_route_direction_at_10_00={'1/0': 12, '1/1': 12, '2/0': 15, '3/0': 23, '4/0': 9, '4/1': 9, '5/0': 21}
[gtfs_overlap_validation] active_trip_instances_after_merge_by_route_direction_at_12_00={'1/0': 12, '1/1': 12, '2/0': 15, '3/0': 23, '4/0': 9, '4/1': 9, '5/0': 21}
[gtfs_overlap_validation] active_trip_instances_after_merge_by_route_direction_at_17_00={'1/0': 12, '1/1': 12, '2/0': 15, '3/0': 23, '4/0': 9, '4/1': 9, '5/0': 21}
[gtfs_overlap_validation] active_trip_instances_after_merge_by_route_direction_at_22_00={'1/0': 12, '1/1': 12, '2/0': 15, '3/0': 23, '4/0': 9, '4/1': 9, '5/0': 21}
[gtfs_audit] terminology: counts below are active_trip_instances, not physical_active_buses
[gtfs_audit] physical_fleet_rotation_modeled=false
[gtfs] raw frequency rows: 10
[gtfs] raw GTFS trips count: 16
[gtfs] gtfs_trips with block_id: 0/16
[gtfs_audit] block_id_populated_count=0/16
[gtfs_audit] unique_block_id_count=0
[gtfs_audit] block_rotation_feasibility_check=not_modeled; requires ordered non-overlapping trips and stop compatibility validation
[gtfs] physical fleet rotation modeled: false
[gtfs] unique service patterns: 10
[gtfs] generated simulated trip instances: 2149
[gtfs_audit] total_raw_gtfs_frequency_rows=10
[gtfs_audit] unique_service_patterns=10
[gtfs_audit] generated_trip_instances_total=2149
[gtfs_audit] active_trip_instances_at_sample_times={'05_00': 103, '06_00': 129, '10_00': 101, '12_00': 101, '17_00': 101, '22_00': 101}
[gtfs] raw active trip instances at 05:00: 103
[gtfs] active_trip_instances at 05:00 by route_id/direction_id: {'1/0': 12, '1/1': 12, '2/0': 15, '2/1': 1, '3/0': 23, '3/1': 1, '4/0': 9, '4/1': 9, '5/0': 21}
[gtfs_audit] active_trip_instances_by_route_direction_at_05_00={'1/0': 12, '1/1': 12, '2/0': 15, '2/1': 1, '3/0': 23, '3/1': 1, '4/0': 9, '4/1': 9, '5/0': 21}
[gtfs_audit] active_trip_instances_by_trip_id_at_05_00={'1-R07': 12, '1-R08': 12, '2-R04': 1, '2-R05': 15, '3-R05': 23, '3-R06': 1, '4-R26': 9, '4-R27': 9, '5-R01': 11, '5-R02': 10}
[gtfs] summary koridor_id=1 direction_id=0 raw_frequency_rows=1 unique_patterns=1 generated_instances=240 active_trip_instances_at_05:00=12
[gtfs] summary koridor_id=1 direction_id=1 raw_frequency_rows=1 unique_patterns=1 generated_instances=240 active_trip_instances_at_05:00=12
[gtfs] summary koridor_id=2 direction_id=0 raw_frequency_rows=1 unique_patterns=1 generated_instances=337 active_trip_instances_at_05:00=15
[gtfs] summary koridor_id=2 direction_id=1 raw_frequency_rows=1 unique_patterns=1 generated_instances=18 active_trip_instances_at_05:00=1
[gtfs] summary koridor_id=3 direction_id=0 raw_frequency_rows=1 unique_patterns=1 generated_instances=432 active_trip_instances_at_05:00=23
[gtfs] summary koridor_id=3 direction_id=1 raw_frequency_rows=1 unique_patterns=1 generated_instances=12 active_trip_instances_at_05:00=1
[gtfs] summary koridor_id=4 direction_id=0 raw_frequency_rows=1 unique_patterns=1 generated_instances=173 active_trip_instances_at_05:00=9
[gtfs] summary koridor_id=4 direction_id=1 raw_frequency_rows=1 unique_patterns=1 generated_instances=192 active_trip_instances_at_05:00=9
[gtfs] summary koridor_id=5 direction_id=0 raw_frequency_rows=2 unique_patterns=2 generated_instances=505 active_trip_instances_at_05:00=21
[gtfs_audit] generated_service_pattern route_id=1 direction_id=0 trip_id=1-R07 block_id= start_time=0 end_time=86399 headway_secs=360 service_headway_secs=360 stop_count=20 trip_duration_seconds=4088 generated_departures_count=240 estimated_active_instances=11.36 active_instances_at_05_00=12 active_instances_at_06_00=12 active_instances_at_12_00=12 active_instances_at_17_00=12 active_instances_at_22_00=12
[gtfs_audit] generated_service_pattern route_id=1 direction_id=1 trip_id=1-R08 block_id= start_time=0 end_time=86399 headway_secs=360 service_headway_secs=360 stop_count=22 trip_duration_seconds=4255 generated_departures_count=240 estimated_active_instances=11.82 active_instances_at_05_00=12 active_instances_at_06_00=12 active_instances_at_12_00=12 active_instances_at_17_00=12 active_instances_at_22_00=12
[gtfs_audit] generated_service_pattern route_id=2 direction_id=0 trip_id=2-R05 block_id= start_time=0 end_time=86399 headway_secs=257 service_headway_secs=257 stop_count=20 trip_duration_seconds=3740 generated_departures_count=337 estimated_active_instances=14.55 active_instances_at_05_00=15 active_instances_at_06_00=15 active_instances_at_12_00=15 active_instances_at_17_00=15 active_instances_at_22_00=15
[gtfs_audit] generated_service_pattern route_id=2 direction_id=1 trip_id=2-R04 block_id= start_time=18000 end_time=21600 headway_secs=200 service_headway_secs=200 stop_count=16 trip_duration_seconds=3362 generated_departures_count=18 estimated_active_instances=16.81 active_instances_at_05_00=1 active_instances_at_06_00=16 active_instances_at_12_00=0 active_instances_at_17_00=0 active_instances_at_22_00=0
[gtfs_audit] generated_service_pattern route_id=3 direction_id=0 trip_id=3-R05 block_id= start_time=0 end_time=86399 headway_secs=200 service_headway_secs=200 stop_count=14 trip_duration_seconds=4516 generated_departures_count=432 estimated_active_instances=22.58 active_instances_at_05_00=23 active_instances_at_06_00=23 active_instances_at_12_00=23 active_instances_at_17_00=23 active_instances_at_22_00=23
[gtfs_audit] generated_service_pattern route_id=3 direction_id=1 trip_id=3-R06 block_id= start_time=18000 end_time=21600 headway_secs=327 service_headway_secs=327 stop_count=14 trip_duration_seconds=4287 generated_departures_count=12 estimated_active_instances=13.11 active_instances_at_05_00=1 active_instances_at_06_00=12 active_instances_at_12_00=0 active_instances_at_17_00=0 active_instances_at_22_00=0
[gtfs_audit] generated_service_pattern route_id=4 direction_id=0 trip_id=4-R26 block_id= start_time=0 end_time=86399 headway_secs=500 service_headway_secs=500 stop_count=20 trip_duration_seconds=4334 generated_departures_count=173 estimated_active_instances=8.67 active_instances_at_05_00=9 active_instances_at_06_00=9 active_instances_at_12_00=9 active_instances_at_17_00=9 active_instances_at_22_00=9
[gtfs_audit] generated_service_pattern route_id=4 direction_id=1 trip_id=4-R27 block_id= start_time=0 end_time=86399 headway_secs=450 service_headway_secs=450 stop_count=17 trip_duration_seconds=4048 generated_departures_count=192 estimated_active_instances=9.00 active_instances_at_05_00=9 active_instances_at_06_00=9 active_instances_at_12_00=9 active_instances_at_17_00=9 active_instances_at_22_00=9
[gtfs_audit] generated_service_pattern route_id=5 direction_id=0 trip_id=5-R01 block_id= start_time=0 end_time=86399 headway_secs=327 service_headway_secs=327 stop_count=18 trip_duration_seconds=3390 generated_departures_count=265 estimated_active_instances=10.37 active_instances_at_05_00=11 active_instances_at_06_00=11 active_instances_at_12_00=11 active_instances_at_17_00=11 active_instances_at_22_00=11
[gtfs_audit] generated_service_pattern route_id=5 direction_id=0 trip_id=5-R02 block_id= start_time=0 end_time=86399 headway_secs=360 service_headway_secs=360 stop_count=18 trip_duration_seconds=3511 generated_departures_count=240 estimated_active_instances=9.75 active_instances_at_05_00=10 active_instances_at_06_00=10 active_instances_at_12_00=10 active_instances_at_17_00=10 active_instances_at_22_00=10
[gtfs_audit] top_active_contributor route_id=1 direction_id=0 trip_id=1-R07 headway_secs=360 service_headway_secs=360 trip_duration_seconds=4088 estimated_active_instances=11.36
[gtfs_audit] top_active_contributor route_id=1 direction_id=1 trip_id=1-R08 headway_secs=360 service_headway_secs=360 trip_duration_seconds=4255 estimated_active_instances=11.82
[gtfs_audit] top_active_contributor route_id=2 direction_id=0 trip_id=2-R05 headway_secs=257 service_headway_secs=257 trip_duration_seconds=3740 estimated_active_instances=14.55
[gtfs_audit] top_active_contributor route_id=2 direction_id=1 trip_id=2-R04 headway_secs=200 service_headway_secs=200 trip_duration_seconds=3362 estimated_active_instances=16.81
[gtfs_audit] top_active_contributor route_id=3 direction_id=0 trip_id=3-R05 headway_secs=200 service_headway_secs=200 trip_duration_seconds=4516 estimated_active_instances=22.58
[gtfs_audit] top_active_contributor route_id=3 direction_id=1 trip_id=3-R06 headway_secs=327 service_headway_secs=327 trip_duration_seconds=4287 estimated_active_instances=13.11
[gtfs_audit] top_active_contributor route_id=4 direction_id=0 trip_id=4-R26 headway_secs=500 service_headway_secs=500 trip_duration_seconds=4334 estimated_active_instances=8.67
[gtfs_audit] top_active_contributor route_id=4 direction_id=1 trip_id=4-R27 headway_secs=450 service_headway_secs=450 trip_duration_seconds=4048 estimated_active_instances=9.00
[gtfs_audit] top_active_contributor route_id=5 direction_id=0 trip_id=5-R01 headway_secs=327 service_headway_secs=327 trip_duration_seconds=3390 estimated_active_instances=10.37
[gtfs_audit] top_active_contributor route_id=5 direction_id=0 trip_id=5-R02 headway_secs=360 service_headway_secs=360 trip_duration_seconds=3511 estimated_active_instances=9.75
[gtfs_spatial_audit] spacing_summary time=05_00 route_id=1 direction_id=0 active_count=12 min_progress_gap=8.686765457332655 median_progress_gap=8.712314767501276 min_departure_gap_seconds=360 median_departure_gap_seconds=360 min_distance_gap_meters=735.706432268975 median_distance_gap_meters=1095.1907605415886 pairs_progress_gap_lt_1pct=0 pairs_departure_gap_lt_120s=0
[gtfs_spatial_audit] closest_pair time=05_00 route_id=1 direction_id=0 a_trip_id=1-R07 a_trip_instance_id=BUS-1-0-046 a_departure_time=16200 a_segment=G00024->G00027 a_progress=44.021 a_lat=-6.2023884 a_lng=106.8225117 b_trip_id=1-R07 b_trip_instance_id=BUS-1-0-045 b_departure_time=15840 b_segment=G00034->G00038 b_progress=52.708 b_lat=-6.1935200 b_lng=106.8229827 progress_diff_percentage=8.687 time_gap_seconds=360 distance_gap_meters=987.5
[gtfs_spatial_audit] closest_pair time=05_00 route_id=1 direction_id=0 a_trip_id=1-R07 a_trip_instance_id=BUS-1-0-044 a_departure_time=15480 a_segment=G00038->G00039 a_progress=61.669 a_lat=-6.1842648 a_lng=106.8228453 b_trip_id=1-R07 b_trip_instance_id=BUS-1-0-043 b_departure_time=15120 b_segment=G00753->G00045 b_progress=70.363 b_lat=-6.1711408 b_lng=106.8217306 progress_diff_percentage=8.694 time_gap_seconds=360 distance_gap_meters=1464.5
[gtfs_spatial_audit] closest_pair time=05_00 route_id=1 direction_id=0 a_trip_id=1-R07 a_trip_instance_id=BUS-1-0-050 a_departure_time=17640 a_segment=G00012->G00009 a_progress=8.960 a_lat=-6.2374953 a_lng=106.7985780 b_trip_id=1-R07 b_trip_instance_id=BUS-1-0-049 b_departure_time=17280 b_segment=G00696->G00016 b_progress=17.655 b_lat=-6.2264800 b_lng=106.8026844 progress_diff_percentage=8.694 time_gap_seconds=360 distance_gap_meters=1306.2
[gtfs_spatial_audit] closest_pair time=05_00 route_id=1 direction_id=0 a_trip_id=1-R07 a_trip_instance_id=BUS-1-0-047 a_departure_time=16560 a_segment=G00747->G00690 a_progress=35.309 a_lat=-6.2137192 a_lng=106.8186196 b_trip_id=1-R07 b_trip_instance_id=BUS-1-0-046 b_departure_time=16200 b_segment=G00024->G00027 b_progress=44.021 b_lat=-6.2023884 b_lng=106.8225117 progress_diff_percentage=8.712 time_gap_seconds=360 distance_gap_meters=1331.4
[gtfs_spatial_audit] closest_pair time=05_00 route_id=1 direction_id=0 a_trip_id=1-R07 a_trip_instance_id=BUS-1-0-041 a_departure_time=14400 a_segment=G00053->G00055 a_progress=88.017 a_lat=-6.1504025 a_lng=106.8168734 b_trip_id=1-R07 b_trip_instance_id=BUS-1-0-040 b_departure_time=14040 b_segment=G00057->G00060 b_progress=96.730 b_lat=-6.1410050 b_lng=106.8139074 progress_diff_percentage=8.712 time_gap_seconds=360 distance_gap_meters=1095.2
[gtfs_spatial_audit] spacing_summary time=05_00 route_id=1 direction_id=1 active_count=12 min_progress_gap=8.372441439585291 median_progress_gap=8.388847767086114 min_departure_gap_seconds=360 median_departure_gap_seconds=360 min_distance_gap_meters=340.3901182806277 median_distance_gap_meters=1125.858076637908 pairs_progress_gap_lt_1pct=0 pairs_departure_gap_lt_120s=0
[gtfs_spatial_audit] closest_pair time=05_00 route_id=1 direction_id=1 a_trip_id=1-R08 a_trip_instance_id=BUS-1-1-048 a_departure_time=16920 a_segment=G00688->G00051 a_progress=25.405 a_lat=-6.1546331 a_lng=106.8179313 b_trip_id=1-R08 b_trip_instance_id=BUS-1-1-047 b_departure_time=16560 b_segment=G00048->G00751 b_progress=33.777 b_lat=-6.1640318 b_lng=106.8202377 progress_diff_percentage=8.372 time_gap_seconds=360 distance_gap_meters=1075.8
[gtfs_spatial_audit] closest_pair time=05_00 route_id=1 direction_id=1 a_trip_id=1-R08 a_trip_instance_id=BUS-1-1-049 a_departure_time=17280 a_segment=G00058->G00054 a_progress=17.024 a_lat=-6.1472291 a_lng=106.8162077 b_trip_id=1-R08 b_trip_instance_id=BUS-1-1-048 b_departure_time=16920 b_segment=G00688->G00051 b_progress=25.405 b_lat=-6.1546331 b_lng=106.8179313 progress_diff_percentage=8.381 time_gap_seconds=360 distance_gap_meters=845.0
[gtfs_spatial_audit] closest_pair time=05_00 route_id=1 direction_id=1 a_trip_id=1-R08 a_trip_instance_id=BUS-1-1-045 a_departure_time=15840 a_segment=G00036->G00031 a_progress=50.802 a_lat=-6.1918272 a_lng=106.8230534 b_trip_id=1-R08 b_trip_instance_id=BUS-1-1-044 b_departure_time=15480 b_segment=G00030->G00021 b_progress=59.191 b_lat=-6.2006816 b_lng=106.8227715 progress_diff_percentage=8.389 time_gap_seconds=360 distance_gap_meters=985.1
[gtfs_spatial_audit] closest_pair time=05_00 route_id=1 direction_id=1 a_trip_id=1-R08 a_trip_instance_id=BUS-1-1-042 a_departure_time=14760 a_segment=G00018->G00014 a_progress=76.190 a_lat=-6.2211290 a_lng=106.8103100 b_trip_id=1-R08 b_trip_instance_id=BUS-1-1-041 b_departure_time=14400 b_segment=G00014->G00694 b_progress=84.579 b_lat=-6.2270699 b_lng=106.8020624 progress_diff_percentage=8.389 time_gap_seconds=360 distance_gap_meters=1125.9
[gtfs_spatial_audit] closest_pair time=05_00 route_id=1 direction_id=1 a_trip_id=1-R08 a_trip_instance_id=BUS-1-1-041 a_departure_time=14400 a_segment=G00014->G00694 a_progress=84.579 a_lat=-6.2270699 a_lng=106.8020624 b_trip_id=1-R08 b_trip_instance_id=BUS-1-1-040 b_departure_time=14040 b_segment=G00010->G00083 b_progress=92.968 b_lat=-6.2385614 b_lng=106.7984820 progress_diff_percentage=8.389 time_gap_seconds=360 distance_gap_meters=1337.7
[gtfs_spatial_audit] spacing_summary time=05_00 route_id=2 direction_id=0 active_count=15 min_progress_gap=6.6422741345341905 median_progress_gap=6.931436424717505 min_departure_gap_seconds=257 median_departure_gap_seconds=257.0 min_distance_gap_meters=271.9910240078718 median_distance_gap_meters=695.6243534350913 pairs_progress_gap_lt_1pct=0 pairs_departure_gap_lt_120s=0
[gtfs_spatial_audit] closest_pair time=05_00 route_id=2 direction_id=0 a_trip_id=2-R05 a_trip_instance_id=BUS-2-0-062 a_departure_time=15677 a_segment=G00106->G00110 a_progress=62.173 a_lat=-6.1766265 a_lng=106.8406534 b_trip_id=2-R05 b_trip_instance_id=BUS-2-0-061 b_departure_time=15420 b_segment=G00111->G00112 b_progress=68.815 b_lat=-6.1753366 b_lng=106.8365888 progress_diff_percentage=6.642 time_gap_seconds=257 distance_gap_meters=471.7
[gtfs_spatial_audit] closest_pair time=05_00 route_id=2 direction_id=0 a_trip_id=2-R05 a_trip_instance_id=BUS-2-0-065 a_departure_time=16448 a_segment=G00098->G00101 a_progress=41.627 a_lat=-6.1721971 a_lng=106.8628600 b_trip_id=2-R05 b_trip_instance_id=BUS-2-0-064 b_departure_time=16191 b_segment=G00102->G00104 b_progress=48.292 b_lat=-6.1740394 b_lng=106.8575324 progress_diff_percentage=6.665 time_gap_seconds=257 distance_gap_meters=623.6
[gtfs_spatial_audit] closest_pair time=05_00 route_id=2 direction_id=0 a_trip_id=2-R05 a_trip_instance_id=BUS-2-0-068 a_departure_time=17219 a_segment=G00092->G00096 a_progress=21.053 a_lat=-6.1679960 a_lng=106.8824400 b_trip_id=2-R05 b_trip_instance_id=BUS-2-0-067 b_departure_time=16962 b_segment=G00096->G00094 b_progress=27.751 b_lat=-6.1671873 b_lng=106.8743867 progress_diff_percentage=6.699 time_gap_seconds=257 distance_gap_meters=894.8
[gtfs_spatial_audit] closest_pair time=05_00 route_id=2 direction_id=0 a_trip_id=2-R05 a_trip_instance_id=BUS-2-0-059 a_departure_time=14906 a_segment=G00113->G00114 a_progress=82.691 a_lat=-6.1729335 a_lng=106.8307770 b_trip_id=2-R05 b_trip_instance_id=BUS-2-0-058 b_departure_time=14649 b_segment=G00120->G00122 b_progress=89.474 b_lat=-6.1680860 b_lng=106.8307920 progress_diff_percentage=6.783 time_gap_seconds=257 distance_gap_meters=539.0
[gtfs_spatial_audit] closest_pair time=05_00 route_id=2 direction_id=0 a_trip_id=2-R05 a_trip_instance_id=BUS-2-0-058 a_departure_time=14649 a_segment=G00120->G00122 a_progress=89.474 a_lat=-6.1680860 a_lng=106.8307920 b_trip_id=2-R05 b_trip_instance_id=BUS-2-0-057 b_departure_time=14392 b_segment=G00122->G00042 b_progress=96.285 b_lat=-6.1703035 b_lng=106.8266258 progress_diff_percentage=6.811 time_gap_seconds=257 distance_gap_meters=522.4
[gtfs_spatial_audit] spacing_summary time=05_00 route_id=2 direction_id=1 active_count=1 min_progress_gap=None median_progress_gap=None min_departure_gap_seconds=None median_departure_gap_seconds=None min_distance_gap_meters=None median_distance_gap_meters=None pairs_progress_gap_lt_1pct=0 pairs_departure_gap_lt_120s=0
[gtfs_spatial_audit] spacing_summary time=05_00 route_id=3 direction_id=0 active_count=23 min_progress_gap=4.31179283093196 median_progress_gap=4.324078288575336 min_departure_gap_seconds=200 median_departure_gap_seconds=200.0 min_distance_gap_meters=216.12566278098586 median_distance_gap_meters=549.5643333939906 pairs_progress_gap_lt_1pct=0 pairs_departure_gap_lt_120s=0
[gtfs_spatial_audit] closest_pair time=05_00 route_id=3 direction_id=0 a_trip_id=3-R05 a_trip_instance_id=BUS-3-0-085 a_departure_time=16800 a_segment=G00155->G00703 a_progress=26.617 a_lat=-6.1542789 a_lng=106.7281025 b_trip_id=3-R05 b_trip_instance_id=BUS-3-0-084 b_departure_time=16600 b_segment=G00703->G00152 b_progress=30.929 b_lat=-6.1547577 b_lng=106.7304929 progress_diff_percentage=4.312 time_gap_seconds=200 distance_gap_meters=269.6
[gtfs_spatial_audit] closest_pair time=05_00 route_id=3 direction_id=0 a_trip_id=3-R05 a_trip_instance_id=BUS-3-0-086 a_departure_time=17000 a_segment=G00157->G00155 a_progress=22.303 a_lat=-6.1537759 a_lng=106.7255062 b_trip_id=3-R05 b_trip_instance_id=BUS-3-0-085 b_departure_time=16800 b_segment=G00155->G00703 b_progress=26.617 b_lat=-6.1542789 b_lng=106.7281025 progress_diff_percentage=4.314 time_gap_seconds=200 distance_gap_meters=292.4
[gtfs_spatial_audit] closest_pair time=05_00 route_id=3 direction_id=0 a_trip_id=3-R05 a_trip_instance_id=BUS-3-0-074 a_departure_time=14600 a_segment=G00138->G00708 a_progress=75.289 a_lat=-6.1667078 a_lng=106.7890589 b_trip_id=3-R05 b_trip_instance_id=BUS-3-0-073 b_departure_time=14400 b_segment=G00708->G00131 b_progress=79.609 b_lat=-6.1665885 b_lng=106.7922188 progress_diff_percentage=4.319 time_gap_seconds=200 distance_gap_meters=349.6
[gtfs_spatial_audit] closest_pair time=05_00 route_id=3 direction_id=0 a_trip_id=3-R05 a_trip_instance_id=BUS-3-0-076 a_departure_time=15000 a_segment=G00146->G00138 a_progress=66.431 a_lat=-6.1653187 a_lng=106.7823203 b_trip_id=3-R05 b_trip_instance_id=BUS-3-0-075 b_departure_time=14800 b_segment=G00138->G00708 b_progress=70.751 b_lat=-6.1665379 b_lng=106.7871114 progress_diff_percentage=4.320 time_gap_seconds=200 distance_gap_meters=546.7
[gtfs_spatial_audit] closest_pair time=05_00 route_id=3 direction_id=0 a_trip_id=3-R05 a_trip_instance_id=BUS-3-0-079 a_departure_time=15600 a_segment=G00150->G00149 a_progress=53.232 a_lat=-6.1570087 a_lng=106.7572314 b_trip_id=3-R05 b_trip_instance_id=BUS-3-0-078 b_departure_time=15400 b_segment=G00149->G00146 b_progress=57.556 b_lat=-6.1601054 b_lng=106.7661905 progress_diff_percentage=4.324 time_gap_seconds=200 distance_gap_meters=1048.6
[gtfs_spatial_audit] spacing_summary time=05_00 route_id=3 direction_id=1 active_count=1 min_progress_gap=None median_progress_gap=None min_departure_gap_seconds=None median_departure_gap_seconds=None min_distance_gap_meters=None median_distance_gap_meters=None pairs_progress_gap_lt_1pct=0 pairs_departure_gap_lt_120s=0
[gtfs_spatial_audit] spacing_summary time=05_00 route_id=4 direction_id=0 active_count=9 min_progress_gap=11.319394376351838 median_progress_gap=11.55393353309124 min_departure_gap_seconds=500 median_departure_gap_seconds=500.0 min_distance_gap_meters=943.92576650253 median_distance_gap_meters=1100.8981337334947 pairs_progress_gap_lt_1pct=0 pairs_departure_gap_lt_120s=0
[gtfs_spatial_audit] closest_pair time=05_00 route_id=4 direction_id=0 a_trip_id=4-R26 a_trip_instance_id=BUS-4-0-032 a_departure_time=15500 a_segment=G00193->G00195 a_progress=57.775 a_lat=-6.1944521 a_lng=106.8610389 b_trip_id=4-R26 b_trip_instance_id=BUS-4-0-031 b_departure_time=15000 b_segment=G00216->G00214 b_progress=69.094 b_lat=-6.2003326 b_lng=106.8548258 progress_diff_percentage=11.319 time_gap_seconds=500 distance_gap_meters=948.3
[gtfs_spatial_audit] closest_pair time=05_00 route_id=4 direction_id=0 a_trip_id=4-R26 a_trip_instance_id=BUS-4-0-036 a_departure_time=17500 a_segment=G00174->G00176 a_progress=11.560 a_lat=-6.1926701 a_lng=106.9037299 b_trip_id=4-R26 b_trip_instance_id=BUS-4-0-035 b_departure_time=17000 b_segment=G00178->G00183 b_progress=23.105 b_lat=-6.1935228 b_lng=106.8903197 progress_diff_percentage=11.545 time_gap_seconds=500 distance_gap_meters=1485.5
[gtfs_spatial_audit] closest_pair time=05_00 route_id=4 direction_id=0 a_trip_id=4-R26 a_trip_instance_id=BUS-4-0-034 a_departure_time=16500 a_segment=G00184->G00187 a_progress=34.669 a_lat=-6.1931223 a_lng=106.8817047 b_trip_id=4-R26 b_trip_instance_id=BUS-4-0-033 b_departure_time=16000 b_segment=B08048P->G00190 b_progress=46.215 b_lat=-6.1923336 b_lng=106.8699011 progress_diff_percentage=11.546 time_gap_seconds=500 distance_gap_meters=1307.8
[gtfs_spatial_audit] closest_pair time=05_00 route_id=4 direction_id=0 a_trip_id=4-R26 a_trip_instance_id=BUS-4-0-030 a_departure_time=14500 a_segment=G00212->B08302P a_progress=80.654 a_lat=-6.2087903 a_lng=106.8555572 b_trip_id=4-R26 b_trip_instance_id=BUS-4-0-029 b_departure_time=14000 b_segment=G00699->G00733 b_progress=92.202 b_lat=-6.2061222 b_lng=106.8370942 progress_diff_percentage=11.548 time_gap_seconds=500 distance_gap_meters=2062.4
[gtfs_spatial_audit] closest_pair time=05_00 route_id=4 direction_id=0 a_trip_id=4-R26 a_trip_instance_id=BUS-4-0-033 a_departure_time=16000 a_segment=B08048P->G00190 a_progress=46.215 a_lat=-6.1923336 a_lng=106.8699011 b_trip_id=4-R26 b_trip_instance_id=BUS-4-0-032 b_departure_time=15500 b_segment=G00193->G00195 b_progress=57.775 b_lat=-6.1944521 b_lng=106.8610389 progress_diff_percentage=11.560 time_gap_seconds=500 distance_gap_meters=1007.6
[gtfs_spatial_audit] spacing_summary time=05_00 route_id=4 direction_id=1 active_count=9 min_progress_gap=11.025306955407135 median_progress_gap=11.036954816838696 min_departure_gap_seconds=450 median_departure_gap_seconds=450.0 min_distance_gap_meters=788.4256894471431 median_distance_gap_meters=1159.028819467807 pairs_progress_gap_lt_1pct=0 pairs_departure_gap_lt_120s=0
[gtfs_spatial_audit] closest_pair time=05_00 route_id=4 direction_id=1 a_trip_id=4-R27 a_trip_instance_id=BUS-4-1-039 a_departure_time=17100 a_segment=B08301P->G00196 a_progress=22.325 a_lat=-6.2032564 a_lng=106.8513319 b_trip_id=4-R27 b_trip_instance_id=BUS-4-1-038 b_departure_time=16650 b_segment=G00194->G00192 b_progress=33.350 b_lat=-6.1938056 b_lng=106.8621117 progress_diff_percentage=11.025 time_gap_seconds=450 distance_gap_meters=1588.8
[gtfs_spatial_audit] closest_pair time=05_00 route_id=4 direction_id=1 a_trip_id=4-R27 a_trip_instance_id=BUS-4-1-035 a_departure_time=15300 a_segment=G00185->G00182 a_progress=66.701 a_lat=-6.1933474 a_lng=106.8867819 b_trip_id=4-R27 b_trip_instance_id=BUS-4-1-034 b_departure_time=14850 b_segment=G00181->G00177 b_progress=77.726 b_lat=-6.1934586 b_lng=106.8949233 progress_diff_percentage=11.026 time_gap_seconds=450 distance_gap_meters=900.1
[gtfs_spatial_audit] closest_pair time=05_00 route_id=4 direction_id=1 a_trip_id=4-R27 a_trip_instance_id=BUS-4-1-034 a_departure_time=14850 a_segment=G00181->G00177 a_progress=77.726 a_lat=-6.1934586 a_lng=106.8949233 b_trip_id=4-R27 b_trip_instance_id=BUS-4-1-033 b_departure_time=14400 b_segment=G00175->G00172 b_progress=88.760 b_lat=-6.1913981 b_lng=106.9050543 progress_diff_percentage=11.034 time_gap_seconds=450 distance_gap_meters=1143.1
[gtfs_spatial_audit] closest_pair time=05_00 route_id=4 direction_id=1 a_trip_id=4-R27 a_trip_instance_id=BUS-4-1-040 a_departure_time=17550 a_segment=G00734->G00700 a_progress=11.291 a_lat=-6.2066852 a_lng=106.8396321 b_trip_id=4-R27 b_trip_instance_id=BUS-4-1-039 b_departure_time=17100 b_segment=B08301P->G00196 b_progress=22.325 b_lat=-6.2032564 b_lng=106.8513319 progress_diff_percentage=11.034 time_gap_seconds=450 distance_gap_meters=1348.4
[gtfs_spatial_audit] closest_pair time=05_00 route_id=4 direction_id=1 a_trip_id=4-R27 a_trip_instance_id=BUS-4-1-036 a_departure_time=15750 a_segment=B08047P->G00186 a_progress=55.661 a_lat=-6.1927813 a_lng=106.8796726 b_trip_id=4-R27 b_trip_instance_id=BUS-4-1-035 b_departure_time=15300 b_segment=G00185->G00182 b_progress=66.701 b_lat=-6.1933474 b_lng=106.8867819 progress_diff_percentage=11.040 time_gap_seconds=450 distance_gap_meters=788.4
[gtfs_spatial_audit] spacing_summary time=05_00 route_id=5 direction_id=0 active_count=21 min_progress_gap=0.1140953308921695 median_progress_gap=4.9071207430340555 min_departure_gap_seconds=3 median_departure_gap_seconds=163.5 min_distance_gap_meters=441.33336521491185 median_distance_gap_meters=4741.06788216824 pairs_progress_gap_lt_1pct=3 pairs_departure_gap_lt_120s=7
[gtfs_spatial_audit] closest_pair time=05_00 route_id=5 direction_id=0 a_trip_id=5-R02 a_trip_instance_id=BUS-5-0-307 a_departure_time=14940 a_segment=G00210->G00206 a_progress=87.130 a_lat=-6.2152291 a_lng=106.8653937 b_trip_id=5-R01 b_trip_instance_id=BUS-5-0-047 b_departure_time=15042 b_segment=G00235->G00237 b_progress=87.245 b_lat=-6.1384901 b_lng=106.8326358 progress_diff_percentage=0.114 time_gap_seconds=102 distance_gap_meters=9269.6
[gtfs_spatial_audit] closest_pair time=05_00 route_id=5 direction_id=0 a_trip_id=5-R01 a_trip_instance_id=BUS-5-0-046 a_departure_time=14715 a_segment=G00239->G00241 a_progress=96.749 a_lat=-6.1309611 a_lng=106.8310537 b_trip_id=5-R02 b_trip_instance_id=BUS-5-0-306 b_departure_time=14580 b_segment=G00355->G00670 b_progress=97.283 b_lat=-6.2231395 b_lng=106.8675349 progress_diff_percentage=0.534 time_gap_seconds=135 distance_gap_meters=11014.7
[gtfs_spatial_audit] closest_pair time=05_00 route_id=5 direction_id=0 a_trip_id=5-R02 a_trip_instance_id=BUS-5-0-308 a_departure_time=15300 a_segment=G00212->G00210 a_progress=76.680 a_lat=-6.2086602 a_lng=106.8594371 b_trip_id=5-R01 b_trip_instance_id=BUS-5-0-048 b_departure_time=15369 b_segment=G00233->G00235 b_progress=77.430 b_lat=-6.1597414 b_lng=106.8374385 progress_diff_percentage=0.751 time_gap_seconds=69 distance_gap_meters=5958.4
[gtfs_spatial_audit] closest_pair time=05_00 route_id=5 direction_id=0 a_trip_id=5-R02 a_trip_instance_id=BUS-5-0-309 a_departure_time=15660 a_segment=G00216->G00214 a_progress=66.557 a_lat=-6.2009195 a_lng=106.8553371 b_trip_id=5-R01 b_trip_instance_id=BUS-5-0-049 b_departure_time=15696 b_segment=G00229->G00231 b_progress=67.926 b_lat=-6.1715387 b_lng=106.8403643 progress_diff_percentage=1.369 time_gap_seconds=36 distance_gap_meters=3662.4
[gtfs_spatial_audit] closest_pair time=05_00 route_id=5 direction_id=0 a_trip_id=5-R02 a_trip_instance_id=BUS-5-0-310 a_departure_time=16020 a_segment=G00220->G00218 a_progress=56.405 a_lat=-6.1953417 a_lng=106.8501993 b_trip_id=5-R01 b_trip_instance_id=BUS-5-0-050 b_departure_time=16023 b_segment=G00223->G00224 b_progress=58.421 b_lat=-6.1848869 b_lng=106.8440991 progress_diff_percentage=2.016 time_gap_seconds=3 distance_gap_meters=1344.0
[gtfs_spatial_audit] spacing_summary time=06_00 route_id=1 direction_id=0 active_count=12 min_progress_gap=8.686765457332655 median_progress_gap=8.712314767501276 min_departure_gap_seconds=360 median_departure_gap_seconds=360 min_distance_gap_meters=735.706432268975 median_distance_gap_meters=1095.1907605415886 pairs_progress_gap_lt_1pct=0 pairs_departure_gap_lt_120s=0
[gtfs_spatial_audit] closest_pair time=06_00 route_id=1 direction_id=0 a_trip_id=1-R07 a_trip_instance_id=BUS-1-0-056 a_departure_time=19800 a_segment=G00024->G00027 a_progress=44.021 a_lat=-6.2023884 a_lng=106.8225117 b_trip_id=1-R07 b_trip_instance_id=BUS-1-0-055 b_departure_time=19440 b_segment=G00034->G00038 b_progress=52.708 b_lat=-6.1935200 b_lng=106.8229827 progress_diff_percentage=8.687 time_gap_seconds=360 distance_gap_meters=987.5
[gtfs_spatial_audit] closest_pair time=06_00 route_id=1 direction_id=0 a_trip_id=1-R07 a_trip_instance_id=BUS-1-0-054 a_departure_time=19080 a_segment=G00038->G00039 a_progress=61.669 a_lat=-6.1842648 a_lng=106.8228453 b_trip_id=1-R07 b_trip_instance_id=BUS-1-0-053 b_departure_time=18720 b_segment=G00753->G00045 b_progress=70.363 b_lat=-6.1711408 b_lng=106.8217306 progress_diff_percentage=8.694 time_gap_seconds=360 distance_gap_meters=1464.5
[gtfs_spatial_audit] closest_pair time=06_00 route_id=1 direction_id=0 a_trip_id=1-R07 a_trip_instance_id=BUS-1-0-060 a_departure_time=21240 a_segment=G00012->G00009 a_progress=8.960 a_lat=-6.2374953 a_lng=106.7985780 b_trip_id=1-R07 b_trip_instance_id=BUS-1-0-059 b_departure_time=20880 b_segment=G00696->G00016 b_progress=17.655 b_lat=-6.2264800 b_lng=106.8026844 progress_diff_percentage=8.694 time_gap_seconds=360 distance_gap_meters=1306.2
[gtfs_spatial_audit] closest_pair time=06_00 route_id=1 direction_id=0 a_trip_id=1-R07 a_trip_instance_id=BUS-1-0-057 a_departure_time=20160 a_segment=G00747->G00690 a_progress=35.309 a_lat=-6.2137192 a_lng=106.8186196 b_trip_id=1-R07 b_trip_instance_id=BUS-1-0-056 b_departure_time=19800 b_segment=G00024->G00027 b_progress=44.021 b_lat=-6.2023884 b_lng=106.8225117 progress_diff_percentage=8.712 time_gap_seconds=360 distance_gap_meters=1331.4
[gtfs_spatial_audit] closest_pair time=06_00 route_id=1 direction_id=0 a_trip_id=1-R07 a_trip_instance_id=BUS-1-0-051 a_departure_time=18000 a_segment=G00053->G00055 a_progress=88.017 a_lat=-6.1504025 a_lng=106.8168734 b_trip_id=1-R07 b_trip_instance_id=BUS-1-0-050 b_departure_time=17640 b_segment=G00057->G00060 b_progress=96.730 b_lat=-6.1410050 b_lng=106.8139074 progress_diff_percentage=8.712 time_gap_seconds=360 distance_gap_meters=1095.2
[gtfs_spatial_audit] spacing_summary time=06_00 route_id=1 direction_id=1 active_count=12 min_progress_gap=8.372441439585291 median_progress_gap=8.388847767086114 min_departure_gap_seconds=360 median_departure_gap_seconds=360 min_distance_gap_meters=340.3901182806277 median_distance_gap_meters=1125.858076637908 pairs_progress_gap_lt_1pct=0 pairs_departure_gap_lt_120s=0
[gtfs_spatial_audit] closest_pair time=06_00 route_id=1 direction_id=1 a_trip_id=1-R08 a_trip_instance_id=BUS-1-1-058 a_departure_time=20520 a_segment=G00688->G00051 a_progress=25.405 a_lat=-6.1546331 a_lng=106.8179313 b_trip_id=1-R08 b_trip_instance_id=BUS-1-1-057 b_departure_time=20160 b_segment=G00048->G00751 b_progress=33.777 b_lat=-6.1640318 b_lng=106.8202377 progress_diff_percentage=8.372 time_gap_seconds=360 distance_gap_meters=1075.8
[gtfs_spatial_audit] closest_pair time=06_00 route_id=1 direction_id=1 a_trip_id=1-R08 a_trip_instance_id=BUS-1-1-059 a_departure_time=20880 a_segment=G00058->G00054 a_progress=17.024 a_lat=-6.1472291 a_lng=106.8162077 b_trip_id=1-R08 b_trip_instance_id=BUS-1-1-058 b_departure_time=20520 b_segment=G00688->G00051 b_progress=25.405 b_lat=-6.1546331 b_lng=106.8179313 progress_diff_percentage=8.381 time_gap_seconds=360 distance_gap_meters=845.0
[gtfs_spatial_audit] closest_pair time=06_00 route_id=1 direction_id=1 a_trip_id=1-R08 a_trip_instance_id=BUS-1-1-055 a_departure_time=19440 a_segment=G00036->G00031 a_progress=50.802 a_lat=-6.1918272 a_lng=106.8230534 b_trip_id=1-R08 b_trip_instance_id=BUS-1-1-054 b_departure_time=19080 b_segment=G00030->G00021 b_progress=59.191 b_lat=-6.2006816 b_lng=106.8227715 progress_diff_percentage=8.389 time_gap_seconds=360 distance_gap_meters=985.1
[gtfs_spatial_audit] closest_pair time=06_00 route_id=1 direction_id=1 a_trip_id=1-R08 a_trip_instance_id=BUS-1-1-052 a_departure_time=18360 a_segment=G00018->G00014 a_progress=76.190 a_lat=-6.2211290 a_lng=106.8103100 b_trip_id=1-R08 b_trip_instance_id=BUS-1-1-051 b_departure_time=18000 b_segment=G00014->G00694 b_progress=84.579 b_lat=-6.2270699 b_lng=106.8020624 progress_diff_percentage=8.389 time_gap_seconds=360 distance_gap_meters=1125.9
[gtfs_spatial_audit] closest_pair time=06_00 route_id=1 direction_id=1 a_trip_id=1-R08 a_trip_instance_id=BUS-1-1-051 a_departure_time=18000 a_segment=G00014->G00694 a_progress=84.579 a_lat=-6.2270699 a_lng=106.8020624 b_trip_id=1-R08 b_trip_instance_id=BUS-1-1-050 b_departure_time=17640 b_segment=G00010->G00083 b_progress=92.968 b_lat=-6.2385614 b_lng=106.7984820 progress_diff_percentage=8.389 time_gap_seconds=360 distance_gap_meters=1337.7
[gtfs_spatial_audit] spacing_summary time=06_00 route_id=2 direction_id=0 active_count=15 min_progress_gap=6.6422741345341905 median_progress_gap=6.9317358420513635 min_departure_gap_seconds=257 median_departure_gap_seconds=257.0 min_distance_gap_meters=268.5519983552774 median_distance_gap_meters=694.7649760440538 pairs_progress_gap_lt_1pct=0 pairs_departure_gap_lt_120s=0
[gtfs_spatial_audit] closest_pair time=06_00 route_id=2 direction_id=0 a_trip_id=2-R05 a_trip_instance_id=BUS-2-0-076 a_departure_time=19275 a_segment=G00106->G00110 a_progress=62.229 a_lat=-6.1766050 a_lng=106.8406292 b_trip_id=2-R05 b_trip_instance_id=BUS-2-0-075 b_departure_time=19018 b_segment=G00111->G00112 b_progress=68.871 b_lat=-6.1753154 b_lng=106.8365672 progress_diff_percentage=6.642 time_gap_seconds=257 distance_gap_meters=471.4
[gtfs_spatial_audit] closest_pair time=06_00 route_id=2 direction_id=0 a_trip_id=2-R05 a_trip_instance_id=BUS-2-0-079 a_departure_time=20046 a_segment=G00098->G00101 a_progress=41.683 a_lat=-6.1722179 a_lng=106.8628159 b_trip_id=2-R05 b_trip_instance_id=BUS-2-0-078 b_departure_time=19789 b_segment=G00102->G00104 b_progress=48.348 b_lat=-6.1740444 b_lng=106.8574979 progress_diff_percentage=6.665 time_gap_seconds=257 distance_gap_meters=622.0
[gtfs_spatial_audit] closest_pair time=06_00 route_id=2 direction_id=0 a_trip_id=2-R05 a_trip_instance_id=BUS-2-0-073 a_departure_time=18504 a_segment=G00113->G00114 a_progress=82.747 a_lat=-6.1729083 a_lng=106.8307826 b_trip_id=2-R05 b_trip_instance_id=BUS-2-0-072 b_departure_time=18247 b_segment=G00120->G00122 b_progress=89.474 b_lat=-6.1680860 b_lng=106.8307920 progress_diff_percentage=6.727 time_gap_seconds=257 distance_gap_meters=536.2
[gtfs_spatial_audit] closest_pair time=06_00 route_id=2 direction_id=0 a_trip_id=2-R05 a_trip_instance_id=BUS-2-0-082 a_departure_time=20817 a_segment=G00092->G00096 a_progress=21.053 a_lat=-6.1679960 a_lng=106.8824400 b_trip_id=2-R05 b_trip_instance_id=BUS-2-0-081 b_departure_time=20560 b_segment=G00096->G00094 b_progress=27.807 b_lat=-6.1672098 b_lng=106.8743265 progress_diff_percentage=6.755 time_gap_seconds=257 distance_gap_meters=901.2
[gtfs_spatial_audit] closest_pair time=06_00 route_id=2 direction_id=0 a_trip_id=2-R05 a_trip_instance_id=BUS-2-0-083 a_departure_time=21074 a_segment=G00697->G00626 a_progress=14.213 a_lat=-6.1726564 a_lng=106.8899079 b_trip_id=2-R05 b_trip_instance_id=BUS-2-0-082 b_departure_time=20817 b_segment=G00092->G00096 b_progress=21.053 b_lat=-6.1679960 b_lng=106.8824400 progress_diff_percentage=6.839 time_gap_seconds=257 distance_gap_meters=974.7
[gtfs_spatial_audit] spacing_summary time=06_00 route_id=2 direction_id=1 active_count=16 min_progress_gap=5.8914728682170505 median_progress_gap=5.891472868217058 min_departure_gap_seconds=200 median_departure_gap_seconds=200 min_distance_gap_meters=353.79527974115604 median_distance_gap_meters=575.7150278340453 pairs_progress_gap_lt_1pct=0 pairs_departure_gap_lt_120s=0
[gtfs_spatial_audit] closest_pair time=06_00 route_id=2 direction_id=1 a_trip_id=2-R04 a_trip_instance_id=BUS-2-1-013 a_departure_time=20400 a_segment=G00105->G00103 a_progress=35.690 a_lat=-6.1741780 a_lng=106.8559913 b_trip_id=2-R04 b_trip_instance_id=BUS-2-1-012 b_departure_time=20200 b_segment=G00103->G00100 b_progress=41.581 b_lat=-6.1734999 b_lng=106.8591181 progress_diff_percentage=5.891 time_gap_seconds=200 distance_gap_meters=353.8
[gtfs_spatial_audit] closest_pair time=06_00 route_id=2 direction_id=1 a_trip_id=2-R04 a_trip_instance_id=BUS-2-1-008 a_departure_time=19400 a_segment=G00095->G00097 a_progress=65.488 a_lat=-6.1669036 a_lng=106.8749026 b_trip_id=2-R04 b_trip_instance_id=BUS-2-1-007 b_departure_time=19200 b_segment=G00097->G00093 b_progress=71.380 b_lat=-6.1675068 b_lng=106.8805621 progress_diff_percentage=5.891 time_gap_seconds=200 distance_gap_meters=629.3
[gtfs_spatial_audit] closest_pair time=06_00 route_id=2 direction_id=1 a_trip_id=2-R04 a_trip_instance_id=BUS-2-1-007 a_departure_time=19200 a_segment=G00097->G00093 a_progress=71.380 a_lat=-6.1675068 a_lng=106.8805621 b_trip_id=2-R04 b_trip_instance_id=BUS-2-1-006 b_departure_time=19000 b_segment=G00093->G00629 b_progress=77.271 b_lat=-6.1701511 b_lng=106.8861670 progress_diff_percentage=5.891 time_gap_seconds=200 distance_gap_meters=685.8
[gtfs_spatial_audit] closest_pair time=06_00 route_id=2 direction_id=1 a_trip_id=2-R04 a_trip_instance_id=BUS-2-1-004 a_departure_time=18600 a_segment=G00698->G00625 a_progress=89.085 a_lat=-6.1759539 a_lng=106.8948615 b_trip_id=2-R04 b_trip_instance_id=BUS-2-1-003 b_departure_time=18400 b_segment=G00625->G00126 b_progress=94.977 b_lat=-6.1794144 b_lng=106.9010815 progress_diff_percentage=5.891 time_gap_seconds=200 distance_gap_meters=788.0
[gtfs_spatial_audit] closest_pair time=06_00 route_id=2 direction_id=1 a_trip_id=2-R04 a_trip_instance_id=BUS-2-1-015 a_departure_time=20800 a_segment=G00125->G00108 a_progress=23.907 a_lat=-6.1793672 a_lng=106.8408773 b_trip_id=2-R04 b_trip_instance_id=BUS-2-1-014 b_departure_time=20600 b_segment=G00108->G00105 b_progress=29.798 b_lat=-6.1763898 b_lng=106.8482754 progress_diff_percentage=5.891 time_gap_seconds=200 distance_gap_meters=882.3
[gtfs_spatial_audit] spacing_summary time=06_00 route_id=3 direction_id=0 active_count=23 min_progress_gap=4.31179283093196 median_progress_gap=4.324078288575336 min_departure_gap_seconds=200 median_departure_gap_seconds=200.0 min_distance_gap_meters=216.12566278098586 median_distance_gap_meters=549.5643333939906 pairs_progress_gap_lt_1pct=0 pairs_departure_gap_lt_120s=0
[gtfs_spatial_audit] closest_pair time=06_00 route_id=3 direction_id=0 a_trip_id=3-R05 a_trip_instance_id=BUS-3-0-103 a_departure_time=20400 a_segment=G00155->G00703 a_progress=26.617 a_lat=-6.1542789 a_lng=106.7281025 b_trip_id=3-R05 b_trip_instance_id=BUS-3-0-102 b_departure_time=20200 b_segment=G00703->G00152 b_progress=30.929 b_lat=-6.1547577 b_lng=106.7304929 progress_diff_percentage=4.312 time_gap_seconds=200 distance_gap_meters=269.6
[gtfs_spatial_audit] closest_pair time=06_00 route_id=3 direction_id=0 a_trip_id=3-R05 a_trip_instance_id=BUS-3-0-104 a_departure_time=20600 a_segment=G00157->G00155 a_progress=22.303 a_lat=-6.1537759 a_lng=106.7255062 b_trip_id=3-R05 b_trip_instance_id=BUS-3-0-103 b_departure_time=20400 b_segment=G00155->G00703 b_progress=26.617 b_lat=-6.1542789 b_lng=106.7281025 progress_diff_percentage=4.314 time_gap_seconds=200 distance_gap_meters=292.4
[gtfs_spatial_audit] closest_pair time=06_00 route_id=3 direction_id=0 a_trip_id=3-R05 a_trip_instance_id=BUS-3-0-092 a_departure_time=18200 a_segment=G00138->G00708 a_progress=75.289 a_lat=-6.1667078 a_lng=106.7890589 b_trip_id=3-R05 b_trip_instance_id=BUS-3-0-091 b_departure_time=18000 b_segment=G00708->G00131 b_progress=79.609 b_lat=-6.1665885 b_lng=106.7922188 progress_diff_percentage=4.319 time_gap_seconds=200 distance_gap_meters=349.6
[gtfs_spatial_audit] closest_pair time=06_00 route_id=3 direction_id=0 a_trip_id=3-R05 a_trip_instance_id=BUS-3-0-094 a_departure_time=18600 a_segment=G00146->G00138 a_progress=66.431 a_lat=-6.1653187 a_lng=106.7823203 b_trip_id=3-R05 b_trip_instance_id=BUS-3-0-093 b_departure_time=18400 b_segment=G00138->G00708 b_progress=70.751 b_lat=-6.1665379 b_lng=106.7871114 progress_diff_percentage=4.320 time_gap_seconds=200 distance_gap_meters=546.7
[gtfs_spatial_audit] closest_pair time=06_00 route_id=3 direction_id=0 a_trip_id=3-R05 a_trip_instance_id=BUS-3-0-097 a_departure_time=19200 a_segment=G00150->G00149 a_progress=53.232 a_lat=-6.1570087 a_lng=106.7572314 b_trip_id=3-R05 b_trip_instance_id=BUS-3-0-096 b_departure_time=19000 b_segment=G00149->G00146 b_progress=57.556 b_lat=-6.1601054 b_lng=106.7661905 progress_diff_percentage=4.324 time_gap_seconds=200 distance_gap_meters=1048.6
[gtfs_spatial_audit] spacing_summary time=06_00 route_id=3 direction_id=1 active_count=12 min_progress_gap=7.59652827701893 median_progress_gap=7.619293673616099 min_departure_gap_seconds=327 median_departure_gap_seconds=327 min_distance_gap_meters=338.04971370263473 median_distance_gap_meters=945.4695901725936 pairs_progress_gap_lt_1pct=0 pairs_departure_gap_lt_120s=0
[gtfs_spatial_audit] closest_pair time=06_00 route_id=3 direction_id=1 a_trip_id=3-R06 a_trip_instance_id=BUS-3-1-008 a_departure_time=20289 a_segment=G00706->G00132 a_progress=30.745 a_lat=-6.1666147 a_lng=106.7866196 b_trip_id=3-R06 b_trip_instance_id=BUS-3-1-007 b_departure_time=19962 b_segment=G00132->G00142 b_progress=38.342 b_lat=-6.1634629 b_lng=106.7753974 progress_diff_percentage=7.597 time_gap_seconds=327 distance_gap_meters=1289.2
[gtfs_spatial_audit] closest_pair time=06_00 route_id=3 direction_id=1 a_trip_id=3-R06 a_trip_instance_id=BUS-3-1-006 a_departure_time=19635 a_segment=G00142->G00148 a_progress=45.962 a_lat=-6.1573661 a_lng=106.7583174 b_trip_id=3-R06 b_trip_instance_id=BUS-3-1-005 b_departure_time=19308 b_segment=G00148->G00151 b_progress=53.559 b_lat=-6.1556246 b_lng=106.7497720 progress_diff_percentage=7.597 time_gap_seconds=327 distance_gap_meters=964.4
[gtfs_spatial_audit] closest_pair time=06_00 route_id=3 direction_id=1 a_trip_id=3-R06 a_trip_instance_id=BUS-3-1-004 a_departure_time=18981 a_segment=G00151->G00153 a_progress=61.178 a_lat=-6.1546995 a_lng=106.7386276 b_trip_id=3-R06 b_trip_instance_id=BUS-3-1-003 b_departure_time=18654 b_segment=G00153->G00702 b_progress=68.775 b_lat=-6.1548489 b_lng=106.7307915 progress_diff_percentage=7.598 time_gap_seconds=327 distance_gap_meters=866.5
[gtfs_spatial_audit] closest_pair time=06_00 route_id=3 direction_id=1 a_trip_id=3-R06 a_trip_instance_id=BUS-3-1-002 a_departure_time=18327 a_segment=G00702->G00154 a_progress=76.394 a_lat=-6.1540052 a_lng=106.7264757 b_trip_id=3-R06 b_trip_instance_id=BUS-3-1-001 b_departure_time=18000 b_segment=G00154->G00156 b_progress=83.992 b_lat=-6.1531415 b_lng=106.7198609 progress_diff_percentage=7.598 time_gap_seconds=327 distance_gap_meters=737.6
[gtfs_spatial_audit] closest_pair time=06_00 route_id=3 direction_id=1 a_trip_id=3-R06 a_trip_instance_id=BUS-3-1-003 a_departure_time=18654 a_segment=G00153->G00702 a_progress=68.775 a_lat=-6.1548489 a_lng=106.7307915 b_trip_id=3-R06 b_trip_instance_id=BUS-3-1-002 b_departure_time=18327 b_segment=G00702->G00154 b_progress=76.394 b_lat=-6.1540052 b_lng=106.7264757 progress_diff_percentage=7.619 time_gap_seconds=327 distance_gap_meters=486.3
[gtfs_spatial_audit] spacing_summary time=06_00 route_id=4 direction_id=0 active_count=9 min_progress_gap=11.323032351520997 median_progress_gap=11.55762662909631 min_departure_gap_seconds=500 median_departure_gap_seconds=500.0 min_distance_gap_meters=670.6323840792558 median_distance_gap_meters=1129.9048463882827 pairs_progress_gap_lt_1pct=0 pairs_departure_gap_lt_120s=0
[gtfs_spatial_audit] closest_pair time=06_00 route_id=4 direction_id=0 a_trip_id=4-R26 a_trip_instance_id=BUS-4-0-042 a_departure_time=20500 a_segment=G00178->G00183 a_progress=25.519 a_lat=-6.1935132 a_lng=106.8888041 b_trip_id=4-R26 b_trip_instance_id=BUS-4-0-041 b_departure_time=20000 b_segment=G00187->B08048P b_progress=36.842 b_lat=-6.1929770 b_lng=106.8803270 progress_diff_percentage=11.323 time_gap_seconds=500 distance_gap_meters=939.0
[gtfs_spatial_audit] closest_pair time=06_00 route_id=4 direction_id=0 a_trip_id=4-R26 a_trip_instance_id=BUS-4-0-041 a_departure_time=20000 a_segment=G00187->B08048P a_progress=36.842 a_lat=-6.1929770 a_lng=106.8803270 b_trip_id=4-R26 b_trip_instance_id=BUS-4-0-040 b_departure_time=19500 b_segment=G00190->G00193 b_progress=48.382 b_lat=-6.1923926 b_lng=106.8678230 progress_diff_percentage=11.540 time_gap_seconds=500 distance_gap_meters=1383.8
[gtfs_spatial_audit] closest_pair time=06_00 route_id=4 direction_id=0 a_trip_id=4-R26 a_trip_instance_id=BUS-4-0-040 a_departure_time=19500 a_segment=G00190->G00193 a_progress=48.382 a_lat=-6.1923926 a_lng=106.8678230 b_trip_id=4-R26 b_trip_instance_id=BUS-4-0-039 b_departure_time=19000 b_segment=G00195->G00197 b_progress=59.938 b_lat=-6.1962255 b_lng=106.8584700 progress_diff_percentage=11.555 time_gap_seconds=500 distance_gap_meters=1118.3
[gtfs_spatial_audit] closest_pair time=06_00 route_id=4 direction_id=0 a_trip_id=4-R26 a_trip_instance_id=BUS-4-0-043 a_departure_time=21000 a_segment=G00174->G00176 a_progress=13.963 a_lat=-6.1931865 a_lng=106.9010947 b_trip_id=4-R26 b_trip_instance_id=BUS-4-0-042 b_departure_time=20500 b_segment=G00178->G00183 b_progress=25.519 b_lat=-6.1935132 b_lng=106.8888041 progress_diff_percentage=11.556 time_gap_seconds=500 distance_gap_meters=1359.2
[gtfs_spatial_audit] closest_pair time=06_00 route_id=4 direction_id=0 a_trip_id=4-R26 a_trip_instance_id=BUS-4-0-037 a_departure_time=18000 a_segment=G00212->B08302P a_progress=83.057 a_lat=-6.2091908 a_lng=106.8501827 b_trip_id=4-R26 b_trip_instance_id=BUS-4-0-036 b_departure_time=17500 b_segment=G00699->G00733 b_progress=94.616 b_lat=-6.2052134 b_lng=106.8335492 progress_diff_percentage=11.559 time_gap_seconds=500 distance_gap_meters=1891.2
[gtfs_spatial_audit] spacing_summary time=06_00 route_id=4 direction_id=1 active_count=9 min_progress_gap=11.025306955407135 median_progress_gap=11.036954816838696 min_departure_gap_seconds=450 median_departure_gap_seconds=450.0 min_distance_gap_meters=788.4256894471431 median_distance_gap_meters=1159.028819467807 pairs_progress_gap_lt_1pct=0 pairs_departure_gap_lt_120s=0
[gtfs_spatial_audit] closest_pair time=06_00 route_id=4 direction_id=1 a_trip_id=4-R27 a_trip_instance_id=BUS-4-1-047 a_departure_time=20700 a_segment=B08301P->G00196 a_progress=22.325 a_lat=-6.2032564 a_lng=106.8513319 b_trip_id=4-R27 b_trip_instance_id=BUS-4-1-046 b_departure_time=20250 b_segment=G00194->G00192 b_progress=33.350 b_lat=-6.1938056 b_lng=106.8621117 progress_diff_percentage=11.025 time_gap_seconds=450 distance_gap_meters=1588.8
[gtfs_spatial_audit] closest_pair time=06_00 route_id=4 direction_id=1 a_trip_id=4-R27 a_trip_instance_id=BUS-4-1-043 a_departure_time=18900 a_segment=G00185->G00182 a_progress=66.701 a_lat=-6.1933474 a_lng=106.8867819 b_trip_id=4-R27 b_trip_instance_id=BUS-4-1-042 b_departure_time=18450 b_segment=G00181->G00177 b_progress=77.726 b_lat=-6.1934586 b_lng=106.8949233 progress_diff_percentage=11.026 time_gap_seconds=450 distance_gap_meters=900.1
[gtfs_spatial_audit] closest_pair time=06_00 route_id=4 direction_id=1 a_trip_id=4-R27 a_trip_instance_id=BUS-4-1-042 a_departure_time=18450 a_segment=G00181->G00177 a_progress=77.726 a_lat=-6.1934586 a_lng=106.8949233 b_trip_id=4-R27 b_trip_instance_id=BUS-4-1-041 b_departure_time=18000 b_segment=G00175->G00172 b_progress=88.760 b_lat=-6.1913981 b_lng=106.9050543 progress_diff_percentage=11.034 time_gap_seconds=450 distance_gap_meters=1143.1
[gtfs_spatial_audit] closest_pair time=06_00 route_id=4 direction_id=1 a_trip_id=4-R27 a_trip_instance_id=BUS-4-1-048 a_departure_time=21150 a_segment=G00734->G00700 a_progress=11.291 a_lat=-6.2066852 a_lng=106.8396321 b_trip_id=4-R27 b_trip_instance_id=BUS-4-1-047 b_departure_time=20700 b_segment=B08301P->G00196 b_progress=22.325 b_lat=-6.2032564 b_lng=106.8513319 progress_diff_percentage=11.034 time_gap_seconds=450 distance_gap_meters=1348.4
[gtfs_spatial_audit] closest_pair time=06_00 route_id=4 direction_id=1 a_trip_id=4-R27 a_trip_instance_id=BUS-4-1-044 a_departure_time=19350 a_segment=B08047P->G00186 a_progress=55.661 a_lat=-6.1927813 a_lng=106.8796726 b_trip_id=4-R27 b_trip_instance_id=BUS-4-1-043 b_departure_time=18900 b_segment=G00185->G00182 b_progress=66.701 b_lat=-6.1933474 b_lng=106.8867819 progress_diff_percentage=11.040 time_gap_seconds=450 distance_gap_meters=788.4
[gtfs_spatial_audit] spacing_summary time=06_00 route_id=5 direction_id=0 active_count=21 min_progress_gap=0.20697458785811307 median_progress_gap=4.907120743034055 min_departure_gap_seconds=0 median_departure_gap_seconds=163.5 min_distance_gap_meters=452.0763449274502 median_distance_gap_meters=4751.702495047804 pairs_progress_gap_lt_1pct=3 pairs_departure_gap_lt_120s=7
[gtfs_spatial_audit] closest_pair time=06_00 route_id=5 direction_id=0 a_trip_id=5-R02 a_trip_instance_id=BUS-5-0-317 a_departure_time=18540 a_segment=G00210->G00206 a_progress=87.130 a_lat=-6.2152291 a_lng=106.8653937 b_trip_id=5-R01 b_trip_instance_id=BUS-5-0-058 b_departure_time=18639 b_segment=G00235->G00237 b_progress=87.337 b_lat=-6.1383336 b_lng=106.8326058 progress_diff_percentage=0.207 time_gap_seconds=99 distance_gap_meters=9287.0
[gtfs_spatial_audit] closest_pair time=06_00 route_id=5 direction_id=0 a_trip_id=5-R01 a_trip_instance_id=BUS-5-0-057 a_departure_time=18312 a_segment=G00239->G00241 a_progress=96.842 a_lat=-6.1308640 a_lng=106.8310347 b_trip_id=5-R02 b_trip_instance_id=BUS-5-0-316 b_departure_time=18180 b_segment=G00355->G00670 b_progress=97.283 b_lat=-6.2231395 b_lng=106.8675349 progress_diff_percentage=0.441 time_gap_seconds=132 distance_gap_meters=11025.5
[gtfs_spatial_audit] closest_pair time=06_00 route_id=5 direction_id=0 a_trip_id=5-R02 a_trip_instance_id=BUS-5-0-318 a_departure_time=18900 a_segment=G00212->G00210 a_progress=76.680 a_lat=-6.2086602 a_lng=106.8594371 b_trip_id=5-R01 b_trip_instance_id=BUS-5-0-059 b_departure_time=18966 b_segment=G00233->G00235 b_progress=77.523 b_lat=-6.1594959 b_lng=106.8373778 progress_diff_percentage=0.844 time_gap_seconds=66 distance_gap_meters=5986.1
[gtfs_spatial_audit] closest_pair time=06_00 route_id=5 direction_id=0 a_trip_id=5-R02 a_trip_instance_id=BUS-5-0-319 a_departure_time=19260 a_segment=G00216->G00214 a_progress=66.557 a_lat=-6.2009195 a_lng=106.8553371 b_trip_id=5-R01 b_trip_instance_id=BUS-5-0-060 b_departure_time=19293 b_segment=G00229->G00231 b_progress=68.019 b_lat=-6.1713479 b_lng=106.8403170 progress_diff_percentage=1.461 time_gap_seconds=33 distance_gap_meters=3683.7
[gtfs_spatial_audit] closest_pair time=06_00 route_id=5 direction_id=0 a_trip_id=5-R02 a_trip_instance_id=BUS-5-0-320 a_departure_time=19620 a_segment=G00220->G00218 a_progress=56.405 a_lat=-6.1953417 a_lng=106.8501993 b_trip_id=5-R01 b_trip_instance_id=BUS-5-0-061 b_departure_time=19620 b_segment=G00223->G00224 b_progress=58.514 b_lat=-6.1848338 b_lng=106.8440686 progress_diff_percentage=2.109 time_gap_seconds=0 distance_gap_meters=1350.8
[gtfs_spatial_audit] spacing_summary time=10_00 route_id=1 direction_id=0 active_count=12 min_progress_gap=8.686765457332655 median_progress_gap=8.712314767501276 min_departure_gap_seconds=360 median_departure_gap_seconds=360 min_distance_gap_meters=735.706432268975 median_distance_gap_meters=1095.1907605415886 pairs_progress_gap_lt_1pct=0 pairs_departure_gap_lt_120s=0
[gtfs_spatial_audit] closest_pair time=10_00 route_id=1 direction_id=0 a_trip_id=1-R07 a_trip_instance_id=BUS-1-0-096 a_departure_time=34200 a_segment=G00024->G00027 a_progress=44.021 a_lat=-6.2023884 a_lng=106.8225117 b_trip_id=1-R07 b_trip_instance_id=BUS-1-0-095 b_departure_time=33840 b_segment=G00034->G00038 b_progress=52.708 b_lat=-6.1935200 b_lng=106.8229827 progress_diff_percentage=8.687 time_gap_seconds=360 distance_gap_meters=987.5
[gtfs_spatial_audit] closest_pair time=10_00 route_id=1 direction_id=0 a_trip_id=1-R07 a_trip_instance_id=BUS-1-0-094 a_departure_time=33480 a_segment=G00038->G00039 a_progress=61.669 a_lat=-6.1842648 a_lng=106.8228453 b_trip_id=1-R07 b_trip_instance_id=BUS-1-0-093 b_departure_time=33120 b_segment=G00753->G00045 b_progress=70.363 b_lat=-6.1711408 b_lng=106.8217306 progress_diff_percentage=8.694 time_gap_seconds=360 distance_gap_meters=1464.5
[gtfs_spatial_audit] closest_pair time=10_00 route_id=1 direction_id=0 a_trip_id=1-R07 a_trip_instance_id=BUS-1-0-100 a_departure_time=35640 a_segment=G00012->G00009 a_progress=8.960 a_lat=-6.2374953 a_lng=106.7985780 b_trip_id=1-R07 b_trip_instance_id=BUS-1-0-099 b_departure_time=35280 b_segment=G00696->G00016 b_progress=17.655 b_lat=-6.2264800 b_lng=106.8026844 progress_diff_percentage=8.694 time_gap_seconds=360 distance_gap_meters=1306.2
[gtfs_spatial_audit] closest_pair time=10_00 route_id=1 direction_id=0 a_trip_id=1-R07 a_trip_instance_id=BUS-1-0-097 a_departure_time=34560 a_segment=G00747->G00690 a_progress=35.309 a_lat=-6.2137192 a_lng=106.8186196 b_trip_id=1-R07 b_trip_instance_id=BUS-1-0-096 b_departure_time=34200 b_segment=G00024->G00027 b_progress=44.021 b_lat=-6.2023884 b_lng=106.8225117 progress_diff_percentage=8.712 time_gap_seconds=360 distance_gap_meters=1331.4
[gtfs_spatial_audit] closest_pair time=10_00 route_id=1 direction_id=0 a_trip_id=1-R07 a_trip_instance_id=BUS-1-0-091 a_departure_time=32400 a_segment=G00053->G00055 a_progress=88.017 a_lat=-6.1504025 a_lng=106.8168734 b_trip_id=1-R07 b_trip_instance_id=BUS-1-0-090 b_departure_time=32040 b_segment=G00057->G00060 b_progress=96.730 b_lat=-6.1410050 b_lng=106.8139074 progress_diff_percentage=8.712 time_gap_seconds=360 distance_gap_meters=1095.2
[gtfs_spatial_audit] spacing_summary time=10_00 route_id=1 direction_id=1 active_count=12 min_progress_gap=8.372441439585291 median_progress_gap=8.388847767086114 min_departure_gap_seconds=360 median_departure_gap_seconds=360 min_distance_gap_meters=340.3901182806277 median_distance_gap_meters=1125.858076637908 pairs_progress_gap_lt_1pct=0 pairs_departure_gap_lt_120s=0
[gtfs_spatial_audit] closest_pair time=10_00 route_id=1 direction_id=1 a_trip_id=1-R08 a_trip_instance_id=BUS-1-1-098 a_departure_time=34920 a_segment=G00688->G00051 a_progress=25.405 a_lat=-6.1546331 a_lng=106.8179313 b_trip_id=1-R08 b_trip_instance_id=BUS-1-1-097 b_departure_time=34560 b_segment=G00048->G00751 b_progress=33.777 b_lat=-6.1640318 b_lng=106.8202377 progress_diff_percentage=8.372 time_gap_seconds=360 distance_gap_meters=1075.8
[gtfs_spatial_audit] closest_pair time=10_00 route_id=1 direction_id=1 a_trip_id=1-R08 a_trip_instance_id=BUS-1-1-099 a_departure_time=35280 a_segment=G00058->G00054 a_progress=17.024 a_lat=-6.1472291 a_lng=106.8162077 b_trip_id=1-R08 b_trip_instance_id=BUS-1-1-098 b_departure_time=34920 b_segment=G00688->G00051 b_progress=25.405 b_lat=-6.1546331 b_lng=106.8179313 progress_diff_percentage=8.381 time_gap_seconds=360 distance_gap_meters=845.0
[gtfs_spatial_audit] closest_pair time=10_00 route_id=1 direction_id=1 a_trip_id=1-R08 a_trip_instance_id=BUS-1-1-095 a_departure_time=33840 a_segment=G00036->G00031 a_progress=50.802 a_lat=-6.1918272 a_lng=106.8230534 b_trip_id=1-R08 b_trip_instance_id=BUS-1-1-094 b_departure_time=33480 b_segment=G00030->G00021 b_progress=59.191 b_lat=-6.2006816 b_lng=106.8227715 progress_diff_percentage=8.389 time_gap_seconds=360 distance_gap_meters=985.1
[gtfs_spatial_audit] closest_pair time=10_00 route_id=1 direction_id=1 a_trip_id=1-R08 a_trip_instance_id=BUS-1-1-092 a_departure_time=32760 a_segment=G00018->G00014 a_progress=76.190 a_lat=-6.2211290 a_lng=106.8103100 b_trip_id=1-R08 b_trip_instance_id=BUS-1-1-091 b_departure_time=32400 b_segment=G00014->G00694 b_progress=84.579 b_lat=-6.2270699 b_lng=106.8020624 progress_diff_percentage=8.389 time_gap_seconds=360 distance_gap_meters=1125.9
[gtfs_spatial_audit] closest_pair time=10_00 route_id=1 direction_id=1 a_trip_id=1-R08 a_trip_instance_id=BUS-1-1-091 a_departure_time=32400 a_segment=G00014->G00694 a_progress=84.579 a_lat=-6.2270699 a_lng=106.8020624 b_trip_id=1-R08 b_trip_instance_id=BUS-1-1-090 b_departure_time=32040 b_segment=G00010->G00083 b_progress=92.968 b_lat=-6.2385614 b_lng=106.7984820 progress_diff_percentage=8.389 time_gap_seconds=360 distance_gap_meters=1337.7
[gtfs_spatial_audit] spacing_summary time=10_00 route_id=2 direction_id=0 active_count=15 min_progress_gap=6.642274134534183 median_progress_gap=6.93196040505177 min_departure_gap_seconds=257 median_departure_gap_seconds=257.0 min_distance_gap_meters=256.2715410934584 median_distance_gap_meters=691.3287933744496 pairs_progress_gap_lt_1pct=0 pairs_departure_gap_lt_120s=0
[gtfs_spatial_audit] closest_pair time=10_00 route_id=2 direction_id=0 a_trip_id=2-R05 a_trip_instance_id=BUS-2-0-132 a_departure_time=33667 a_segment=G00106->G00110 a_progress=62.454 a_lat=-6.1765192 a_lng=106.8405324 b_trip_id=2-R05 b_trip_instance_id=BUS-2-0-131 b_departure_time=33410 b_segment=G00111->G00112 b_progress=69.097 b_lat=-6.1752306 b_lng=106.8364807 progress_diff_percentage=6.642 time_gap_seconds=257 distance_gap_meters=470.3
[gtfs_spatial_audit] closest_pair time=10_00 route_id=2 direction_id=0 a_trip_id=2-R05 a_trip_instance_id=BUS-2-0-135 a_departure_time=34438 a_segment=G00098->G00101 a_progress=41.908 a_lat=-6.1723012 a_lng=106.8626394 b_trip_id=2-R05 b_trip_instance_id=BUS-2-0-134 b_departure_time=34181 b_segment=G00102->G00104 b_progress=48.572 b_lat=-6.1740641 b_lng=106.8573598 progress_diff_percentage=6.664 time_gap_seconds=257 distance_gap_meters=615.7
[gtfs_spatial_audit] closest_pair time=10_00 route_id=2 direction_id=0 a_trip_id=2-R05 a_trip_instance_id=BUS-2-0-129 a_departure_time=32896 a_segment=G00113->G00114 a_progress=82.972 a_lat=-6.1728073 a_lng=106.8308053 b_trip_id=2-R05 b_trip_instance_id=BUS-2-0-128 b_departure_time=32639 b_segment=G00120->G00122 b_progress=89.642 b_lat=-6.1680777 b_lng=106.8307083 progress_diff_percentage=6.670 time_gap_seconds=257 distance_gap_meters=526.0
[gtfs_spatial_audit] closest_pair time=10_00 route_id=2 direction_id=0 a_trip_id=2-R05 a_trip_instance_id=BUS-2-0-139 a_departure_time=35466 a_segment=G00697->G00626 a_progress=14.439 a_lat=-6.1725276 a_lng=106.8897339 b_trip_id=2-R05 b_trip_instance_id=BUS-2-0-138 b_departure_time=35209 b_segment=G00092->G00096 b_progress=21.109 b_lat=-6.1679813 b_lng=106.8823707 progress_diff_percentage=6.670 time_gap_seconds=257 distance_gap_meters=958.2
[gtfs_spatial_audit] closest_pair time=10_00 route_id=2 direction_id=0 a_trip_id=2-R05 a_trip_instance_id=BUS-2-0-138 a_departure_time=35209 a_segment=G00092->G00096 a_progress=21.109 a_lat=-6.1679813 a_lng=106.8823707 b_trip_id=2-R05 b_trip_instance_id=BUS-2-0-137 b_departure_time=34952 b_segment=G00096->G00094 b_progress=28.033 b_lat=-6.1672997 b_lng=106.8740855 progress_diff_percentage=6.924 time_gap_seconds=257 distance_gap_meters=919.1
[gtfs_spatial_audit] spacing_summary time=10_00 route_id=3 direction_id=0 active_count=23 min_progress_gap=4.31179283093196 median_progress_gap=4.324078288575336 min_departure_gap_seconds=200 median_departure_gap_seconds=200.0 min_distance_gap_meters=216.12566278098586 median_distance_gap_meters=549.5643333939906 pairs_progress_gap_lt_1pct=0 pairs_departure_gap_lt_120s=0
[gtfs_spatial_audit] closest_pair time=10_00 route_id=3 direction_id=0 a_trip_id=3-R05 a_trip_instance_id=BUS-3-0-175 a_departure_time=34800 a_segment=G00155->G00703 a_progress=26.617 a_lat=-6.1542789 a_lng=106.7281025 b_trip_id=3-R05 b_trip_instance_id=BUS-3-0-174 b_departure_time=34600 b_segment=G00703->G00152 b_progress=30.929 b_lat=-6.1547577 b_lng=106.7304929 progress_diff_percentage=4.312 time_gap_seconds=200 distance_gap_meters=269.6
[gtfs_spatial_audit] closest_pair time=10_00 route_id=3 direction_id=0 a_trip_id=3-R05 a_trip_instance_id=BUS-3-0-176 a_departure_time=35000 a_segment=G00157->G00155 a_progress=22.303 a_lat=-6.1537759 a_lng=106.7255062 b_trip_id=3-R05 b_trip_instance_id=BUS-3-0-175 b_departure_time=34800 b_segment=G00155->G00703 b_progress=26.617 b_lat=-6.1542789 b_lng=106.7281025 progress_diff_percentage=4.314 time_gap_seconds=200 distance_gap_meters=292.4
[gtfs_spatial_audit] closest_pair time=10_00 route_id=3 direction_id=0 a_trip_id=3-R05 a_trip_instance_id=BUS-3-0-164 a_departure_time=32600 a_segment=G00138->G00708 a_progress=75.289 a_lat=-6.1667078 a_lng=106.7890589 b_trip_id=3-R05 b_trip_instance_id=BUS-3-0-163 b_departure_time=32400 b_segment=G00708->G00131 b_progress=79.609 b_lat=-6.1665885 b_lng=106.7922188 progress_diff_percentage=4.319 time_gap_seconds=200 distance_gap_meters=349.6
[gtfs_spatial_audit] closest_pair time=10_00 route_id=3 direction_id=0 a_trip_id=3-R05 a_trip_instance_id=BUS-3-0-166 a_departure_time=33000 a_segment=G00146->G00138 a_progress=66.431 a_lat=-6.1653187 a_lng=106.7823203 b_trip_id=3-R05 b_trip_instance_id=BUS-3-0-165 b_departure_time=32800 b_segment=G00138->G00708 b_progress=70.751 b_lat=-6.1665379 b_lng=106.7871114 progress_diff_percentage=4.320 time_gap_seconds=200 distance_gap_meters=546.7
[gtfs_spatial_audit] closest_pair time=10_00 route_id=3 direction_id=0 a_trip_id=3-R05 a_trip_instance_id=BUS-3-0-169 a_departure_time=33600 a_segment=G00150->G00149 a_progress=53.232 a_lat=-6.1570087 a_lng=106.7572314 b_trip_id=3-R05 b_trip_instance_id=BUS-3-0-168 b_departure_time=33400 b_segment=G00149->G00146 b_progress=57.556 b_lat=-6.1601054 b_lng=106.7661905 progress_diff_percentage=4.324 time_gap_seconds=200 distance_gap_meters=1048.6
[gtfs_spatial_audit] spacing_summary time=10_00 route_id=4 direction_id=0 active_count=9 min_progress_gap=11.319394376351838 median_progress_gap=11.55393353309124 min_departure_gap_seconds=500 median_departure_gap_seconds=500.0 min_distance_gap_meters=943.92576650253 median_distance_gap_meters=1100.8981337334947 pairs_progress_gap_lt_1pct=0 pairs_departure_gap_lt_120s=0
[gtfs_spatial_audit] closest_pair time=10_00 route_id=4 direction_id=0 a_trip_id=4-R26 a_trip_instance_id=BUS-4-0-068 a_departure_time=33500 a_segment=G00193->G00195 a_progress=57.775 a_lat=-6.1944521 a_lng=106.8610389 b_trip_id=4-R26 b_trip_instance_id=BUS-4-0-067 b_departure_time=33000 b_segment=G00216->G00214 b_progress=69.094 b_lat=-6.2003326 b_lng=106.8548258 progress_diff_percentage=11.319 time_gap_seconds=500 distance_gap_meters=948.3
[gtfs_spatial_audit] closest_pair time=10_00 route_id=4 direction_id=0 a_trip_id=4-R26 a_trip_instance_id=BUS-4-0-072 a_departure_time=35500 a_segment=G00174->G00176 a_progress=11.560 a_lat=-6.1926701 a_lng=106.9037299 b_trip_id=4-R26 b_trip_instance_id=BUS-4-0-071 b_departure_time=35000 b_segment=G00178->G00183 b_progress=23.105 b_lat=-6.1935228 b_lng=106.8903197 progress_diff_percentage=11.545 time_gap_seconds=500 distance_gap_meters=1485.5
[gtfs_spatial_audit] closest_pair time=10_00 route_id=4 direction_id=0 a_trip_id=4-R26 a_trip_instance_id=BUS-4-0-070 a_departure_time=34500 a_segment=G00184->G00187 a_progress=34.669 a_lat=-6.1931223 a_lng=106.8817047 b_trip_id=4-R26 b_trip_instance_id=BUS-4-0-069 b_departure_time=34000 b_segment=B08048P->G00190 b_progress=46.215 b_lat=-6.1923336 b_lng=106.8699011 progress_diff_percentage=11.546 time_gap_seconds=500 distance_gap_meters=1307.8
[gtfs_spatial_audit] closest_pair time=10_00 route_id=4 direction_id=0 a_trip_id=4-R26 a_trip_instance_id=BUS-4-0-066 a_departure_time=32500 a_segment=G00212->B08302P a_progress=80.654 a_lat=-6.2087903 a_lng=106.8555572 b_trip_id=4-R26 b_trip_instance_id=BUS-4-0-065 b_departure_time=32000 b_segment=G00699->G00733 b_progress=92.202 b_lat=-6.2061222 b_lng=106.8370942 progress_diff_percentage=11.548 time_gap_seconds=500 distance_gap_meters=2062.4
[gtfs_spatial_audit] closest_pair time=10_00 route_id=4 direction_id=0 a_trip_id=4-R26 a_trip_instance_id=BUS-4-0-069 a_departure_time=34000 a_segment=B08048P->G00190 a_progress=46.215 a_lat=-6.1923336 a_lng=106.8699011 b_trip_id=4-R26 b_trip_instance_id=BUS-4-0-068 b_departure_time=33500 b_segment=G00193->G00195 b_progress=57.775 b_lat=-6.1944521 b_lng=106.8610389 progress_diff_percentage=11.560 time_gap_seconds=500 distance_gap_meters=1007.6
[gtfs_spatial_audit] spacing_summary time=10_00 route_id=4 direction_id=1 active_count=9 min_progress_gap=11.025306955407135 median_progress_gap=11.036954816838696 min_departure_gap_seconds=450 median_departure_gap_seconds=450.0 min_distance_gap_meters=788.4256894471431 median_distance_gap_meters=1159.028819467807 pairs_progress_gap_lt_1pct=0 pairs_departure_gap_lt_120s=0
[gtfs_spatial_audit] closest_pair time=10_00 route_id=4 direction_id=1 a_trip_id=4-R27 a_trip_instance_id=BUS-4-1-079 a_departure_time=35100 a_segment=B08301P->G00196 a_progress=22.325 a_lat=-6.2032564 a_lng=106.8513319 b_trip_id=4-R27 b_trip_instance_id=BUS-4-1-078 b_departure_time=34650 b_segment=G00194->G00192 b_progress=33.350 b_lat=-6.1938056 b_lng=106.8621117 progress_diff_percentage=11.025 time_gap_seconds=450 distance_gap_meters=1588.8
[gtfs_spatial_audit] closest_pair time=10_00 route_id=4 direction_id=1 a_trip_id=4-R27 a_trip_instance_id=BUS-4-1-075 a_departure_time=33300 a_segment=G00185->G00182 a_progress=66.701 a_lat=-6.1933474 a_lng=106.8867819 b_trip_id=4-R27 b_trip_instance_id=BUS-4-1-074 b_departure_time=32850 b_segment=G00181->G00177 b_progress=77.726 b_lat=-6.1934586 b_lng=106.8949233 progress_diff_percentage=11.026 time_gap_seconds=450 distance_gap_meters=900.1
[gtfs_spatial_audit] closest_pair time=10_00 route_id=4 direction_id=1 a_trip_id=4-R27 a_trip_instance_id=BUS-4-1-074 a_departure_time=32850 a_segment=G00181->G00177 a_progress=77.726 a_lat=-6.1934586 a_lng=106.8949233 b_trip_id=4-R27 b_trip_instance_id=BUS-4-1-073 b_departure_time=32400 b_segment=G00175->G00172 b_progress=88.760 b_lat=-6.1913981 b_lng=106.9050543 progress_diff_percentage=11.034 time_gap_seconds=450 distance_gap_meters=1143.1
[gtfs_spatial_audit] closest_pair time=10_00 route_id=4 direction_id=1 a_trip_id=4-R27 a_trip_instance_id=BUS-4-1-080 a_departure_time=35550 a_segment=G00734->G00700 a_progress=11.291 a_lat=-6.2066852 a_lng=106.8396321 b_trip_id=4-R27 b_trip_instance_id=BUS-4-1-079 b_departure_time=35100 b_segment=B08301P->G00196 b_progress=22.325 b_lat=-6.2032564 b_lng=106.8513319 progress_diff_percentage=11.034 time_gap_seconds=450 distance_gap_meters=1348.4
[gtfs_spatial_audit] closest_pair time=10_00 route_id=4 direction_id=1 a_trip_id=4-R27 a_trip_instance_id=BUS-4-1-076 a_departure_time=33750 a_segment=B08047P->G00186 a_progress=55.661 a_lat=-6.1927813 a_lng=106.8796726 b_trip_id=4-R27 b_trip_instance_id=BUS-4-1-075 b_departure_time=33300 b_segment=G00185->G00182 b_progress=66.701 b_lat=-6.1933474 b_lng=106.8867819 progress_diff_percentage=11.040 time_gap_seconds=450 distance_gap_meters=788.4
[gtfs_spatial_audit] spacing_summary time=10_00 route_id=5 direction_id=0 active_count=21 min_progress_gap=0.06914868538918029 median_progress_gap=4.752321981424148 min_departure_gap_seconds=12 median_departure_gap_seconds=163.5 min_distance_gap_meters=495.056124982423 median_distance_gap_meters=4781.5771539062 pairs_progress_gap_lt_1pct=2 pairs_departure_gap_lt_120s=7
[gtfs_spatial_audit] closest_pair time=10_00 route_id=5 direction_id=0 a_trip_id=5-R01 a_trip_instance_id=BUS-5-0-101 a_departure_time=32700 a_segment=G00239->G00241 a_progress=97.214 a_lat=-6.1304757 a_lng=106.8309589 b_trip_id=5-R02 b_trip_instance_id=BUS-5-0-356 b_departure_time=32580 b_segment=G00355->G00670 b_progress=97.283 b_lat=-6.2231395 b_lng=106.8675349 progress_diff_percentage=0.069 time_gap_seconds=120 distance_gap_meters=11068.7
[gtfs_spatial_audit] closest_pair time=10_00 route_id=5 direction_id=0 a_trip_id=5-R02 a_trip_instance_id=BUS-5-0-357 a_departure_time=32940 a_segment=G00210->G00206 a_progress=87.130 a_lat=-6.2152291 a_lng=106.8653937 b_trip_id=5-R01 b_trip_instance_id=BUS-5-0-102 b_departure_time=33027 b_segment=G00235->G00237 b_progress=87.709 b_lat=-6.1377077 b_lng=106.8324854 progress_diff_percentage=0.578 time_gap_seconds=87 distance_gap_meters=9356.2
[gtfs_spatial_audit] closest_pair time=10_00 route_id=5 direction_id=0 a_trip_id=5-R02 a_trip_instance_id=BUS-5-0-358 a_departure_time=33300 a_segment=G00212->G00210 a_progress=76.680 a_lat=-6.2086602 a_lng=106.8594371 b_trip_id=5-R01 b_trip_instance_id=BUS-5-0-103 b_departure_time=33354 b_segment=G00233->G00235 b_progress=77.895 b_lat=-6.1585140 b_lng=106.8371349 progress_diff_percentage=1.215 time_gap_seconds=54 distance_gap_meters=6096.8
[gtfs_spatial_audit] closest_pair time=10_00 route_id=5 direction_id=0 a_trip_id=5-R02 a_trip_instance_id=BUS-5-0-359 a_departure_time=33660 a_segment=G00216->G00214 a_progress=66.557 a_lat=-6.2009195 a_lng=106.8553371 b_trip_id=5-R01 b_trip_instance_id=BUS-5-0-104 b_departure_time=33681 b_segment=G00229->G00231 b_progress=68.390 b_lat=-6.1705849 b_lng=106.8401281 progress_diff_percentage=1.833 time_gap_seconds=21 distance_gap_meters=3768.9
[gtfs_spatial_audit] closest_pair time=10_00 route_id=5 direction_id=0 a_trip_id=5-R02 a_trip_instance_id=BUS-5-0-360 a_departure_time=34020 a_segment=G00220->G00218 a_progress=56.405 a_lat=-6.1953417 a_lng=106.8501993 b_trip_id=5-R01 b_trip_instance_id=BUS-5-0-105 b_departure_time=34008 b_segment=G00224->G00229 b_progress=58.824 b_lat=-6.1846570 b_lng=106.8439670 progress_diff_percentage=2.419 time_gap_seconds=12 distance_gap_meters=1373.4
[gtfs_spatial_audit] spacing_summary time=12_00 route_id=1 direction_id=0 active_count=12 min_progress_gap=8.686765457332655 median_progress_gap=8.712314767501276 min_departure_gap_seconds=360 median_departure_gap_seconds=360 min_distance_gap_meters=735.706432268975 median_distance_gap_meters=1095.1907605415886 pairs_progress_gap_lt_1pct=0 pairs_departure_gap_lt_120s=0
[gtfs_spatial_audit] closest_pair time=12_00 route_id=1 direction_id=0 a_trip_id=1-R07 a_trip_instance_id=BUS-1-0-116 a_departure_time=41400 a_segment=G00024->G00027 a_progress=44.021 a_lat=-6.2023884 a_lng=106.8225117 b_trip_id=1-R07 b_trip_instance_id=BUS-1-0-115 b_departure_time=41040 b_segment=G00034->G00038 b_progress=52.708 b_lat=-6.1935200 b_lng=106.8229827 progress_diff_percentage=8.687 time_gap_seconds=360 distance_gap_meters=987.5
[gtfs_spatial_audit] closest_pair time=12_00 route_id=1 direction_id=0 a_trip_id=1-R07 a_trip_instance_id=BUS-1-0-114 a_departure_time=40680 a_segment=G00038->G00039 a_progress=61.669 a_lat=-6.1842648 a_lng=106.8228453 b_trip_id=1-R07 b_trip_instance_id=BUS-1-0-113 b_departure_time=40320 b_segment=G00753->G00045 b_progress=70.363 b_lat=-6.1711408 b_lng=106.8217306 progress_diff_percentage=8.694 time_gap_seconds=360 distance_gap_meters=1464.5
[gtfs_spatial_audit] closest_pair time=12_00 route_id=1 direction_id=0 a_trip_id=1-R07 a_trip_instance_id=BUS-1-0-120 a_departure_time=42840 a_segment=G00012->G00009 a_progress=8.960 a_lat=-6.2374953 a_lng=106.7985780 b_trip_id=1-R07 b_trip_instance_id=BUS-1-0-119 b_departure_time=42480 b_segment=G00696->G00016 b_progress=17.655 b_lat=-6.2264800 b_lng=106.8026844 progress_diff_percentage=8.694 time_gap_seconds=360 distance_gap_meters=1306.2
[gtfs_spatial_audit] closest_pair time=12_00 route_id=1 direction_id=0 a_trip_id=1-R07 a_trip_instance_id=BUS-1-0-117 a_departure_time=41760 a_segment=G00747->G00690 a_progress=35.309 a_lat=-6.2137192 a_lng=106.8186196 b_trip_id=1-R07 b_trip_instance_id=BUS-1-0-116 b_departure_time=41400 b_segment=G00024->G00027 b_progress=44.021 b_lat=-6.2023884 b_lng=106.8225117 progress_diff_percentage=8.712 time_gap_seconds=360 distance_gap_meters=1331.4
[gtfs_spatial_audit] closest_pair time=12_00 route_id=1 direction_id=0 a_trip_id=1-R07 a_trip_instance_id=BUS-1-0-111 a_departure_time=39600 a_segment=G00053->G00055 a_progress=88.017 a_lat=-6.1504025 a_lng=106.8168734 b_trip_id=1-R07 b_trip_instance_id=BUS-1-0-110 b_departure_time=39240 b_segment=G00057->G00060 b_progress=96.730 b_lat=-6.1410050 b_lng=106.8139074 progress_diff_percentage=8.712 time_gap_seconds=360 distance_gap_meters=1095.2
[gtfs_spatial_audit] spacing_summary time=12_00 route_id=1 direction_id=1 active_count=12 min_progress_gap=8.372441439585291 median_progress_gap=8.388847767086114 min_departure_gap_seconds=360 median_departure_gap_seconds=360 min_distance_gap_meters=340.3901182806277 median_distance_gap_meters=1125.858076637908 pairs_progress_gap_lt_1pct=0 pairs_departure_gap_lt_120s=0
[gtfs_spatial_audit] closest_pair time=12_00 route_id=1 direction_id=1 a_trip_id=1-R08 a_trip_instance_id=BUS-1-1-118 a_departure_time=42120 a_segment=G00688->G00051 a_progress=25.405 a_lat=-6.1546331 a_lng=106.8179313 b_trip_id=1-R08 b_trip_instance_id=BUS-1-1-117 b_departure_time=41760 b_segment=G00048->G00751 b_progress=33.777 b_lat=-6.1640318 b_lng=106.8202377 progress_diff_percentage=8.372 time_gap_seconds=360 distance_gap_meters=1075.8
[gtfs_spatial_audit] closest_pair time=12_00 route_id=1 direction_id=1 a_trip_id=1-R08 a_trip_instance_id=BUS-1-1-119 a_departure_time=42480 a_segment=G00058->G00054 a_progress=17.024 a_lat=-6.1472291 a_lng=106.8162077 b_trip_id=1-R08 b_trip_instance_id=BUS-1-1-118 b_departure_time=42120 b_segment=G00688->G00051 b_progress=25.405 b_lat=-6.1546331 b_lng=106.8179313 progress_diff_percentage=8.381 time_gap_seconds=360 distance_gap_meters=845.0
[gtfs_spatial_audit] closest_pair time=12_00 route_id=1 direction_id=1 a_trip_id=1-R08 a_trip_instance_id=BUS-1-1-115 a_departure_time=41040 a_segment=G00036->G00031 a_progress=50.802 a_lat=-6.1918272 a_lng=106.8230534 b_trip_id=1-R08 b_trip_instance_id=BUS-1-1-114 b_departure_time=40680 b_segment=G00030->G00021 b_progress=59.191 b_lat=-6.2006816 b_lng=106.8227715 progress_diff_percentage=8.389 time_gap_seconds=360 distance_gap_meters=985.1
[gtfs_spatial_audit] closest_pair time=12_00 route_id=1 direction_id=1 a_trip_id=1-R08 a_trip_instance_id=BUS-1-1-112 a_departure_time=39960 a_segment=G00018->G00014 a_progress=76.190 a_lat=-6.2211290 a_lng=106.8103100 b_trip_id=1-R08 b_trip_instance_id=BUS-1-1-111 b_departure_time=39600 b_segment=G00014->G00694 b_progress=84.579 b_lat=-6.2270699 b_lng=106.8020624 progress_diff_percentage=8.389 time_gap_seconds=360 distance_gap_meters=1125.9
[gtfs_spatial_audit] closest_pair time=12_00 route_id=1 direction_id=1 a_trip_id=1-R08 a_trip_instance_id=BUS-1-1-111 a_departure_time=39600 a_segment=G00014->G00694 a_progress=84.579 a_lat=-6.2270699 a_lng=106.8020624 b_trip_id=1-R08 b_trip_instance_id=BUS-1-1-110 b_departure_time=39240 b_segment=G00010->G00083 b_progress=92.968 b_lat=-6.2385614 b_lng=106.7984820 progress_diff_percentage=8.389 time_gap_seconds=360 distance_gap_meters=1337.7
[gtfs_spatial_audit] spacing_summary time=12_00 route_id=2 direction_id=0 active_count=15 min_progress_gap=6.642274134534205 median_progress_gap=6.931960405051775 min_departure_gap_seconds=257 median_departure_gap_seconds=257.0 min_distance_gap_meters=251.09158023226323 median_distance_gap_meters=689.6115158724724 pairs_progress_gap_lt_1pct=0 pairs_departure_gap_lt_120s=0
[gtfs_spatial_audit] closest_pair time=12_00 route_id=2 direction_id=0 a_trip_id=2-R05 a_trip_instance_id=BUS-2-0-160 a_departure_time=40863 a_segment=G00106->G00110 a_progress=62.567 a_lat=-6.1764763 a_lng=106.8404840 b_trip_id=2-R05 b_trip_instance_id=BUS-2-0-159 b_departure_time=40606 b_segment=G00111->G00112 b_progress=69.209 b_lat=-6.1751882 b_lng=106.8364375 progress_diff_percentage=6.642 time_gap_seconds=257 distance_gap_meters=469.7
[gtfs_spatial_audit] closest_pair time=12_00 route_id=2 direction_id=0 a_trip_id=2-R05 a_trip_instance_id=BUS-2-0-163 a_departure_time=41634 a_segment=G00098->G00101 a_progress=42.021 a_lat=-6.1723428 a_lng=106.8625512 b_trip_id=2-R05 b_trip_instance_id=BUS-2-0-162 b_departure_time=41377 b_segment=G00102->G00104 b_progress=48.684 b_lat=-6.1740740 b_lng=106.8572908 progress_diff_percentage=6.663 time_gap_seconds=257 distance_gap_meters=612.6
[gtfs_spatial_audit] closest_pair time=12_00 route_id=2 direction_id=0 a_trip_id=2-R05 a_trip_instance_id=BUS-2-0-157 a_departure_time=40092 a_segment=G00113->G00114 a_progress=83.085 a_lat=-6.1727568 a_lng=106.8308166 b_trip_id=2-R05 b_trip_instance_id=BUS-2-0-156 b_departure_time=39835 b_segment=G00120->G00122 b_progress=89.754 b_lat=-6.1680721 b_lng=106.8306525 progress_diff_percentage=6.669 time_gap_seconds=257 distance_gap_meters=521.2
[gtfs_spatial_audit] closest_pair time=12_00 route_id=2 direction_id=0 a_trip_id=2-R05 a_trip_instance_id=BUS-2-0-167 a_departure_time=42662 a_segment=G00697->G00626 a_progress=14.551 a_lat=-6.1724632 a_lng=106.8896469 b_trip_id=2-R05 b_trip_instance_id=BUS-2-0-166 b_departure_time=42405 b_segment=G00092->G00096 b_progress=21.221 b_lat=-6.1679519 b_lng=106.8822320 progress_diff_percentage=6.670 time_gap_seconds=257 distance_gap_meters=961.0
[gtfs_spatial_audit] closest_pair time=12_00 route_id=2 direction_id=0 a_trip_id=2-R05 a_trip_instance_id=BUS-2-0-166 a_departure_time=42405 a_segment=G00092->G00096 a_progress=21.221 a_lat=-6.1679519 a_lng=106.8822320 b_trip_id=2-R05 b_trip_instance_id=BUS-2-0-165 b_departure_time=42148 b_segment=G00096->G00094 b_progress=28.145 b_lat=-6.1673446 b_lng=106.8739650 progress_diff_percentage=6.925 time_gap_seconds=257 distance_gap_meters=916.4
[gtfs_spatial_audit] spacing_summary time=12_00 route_id=3 direction_id=0 active_count=23 min_progress_gap=4.31179283093196 median_progress_gap=4.324078288575336 min_departure_gap_seconds=200 median_departure_gap_seconds=200.0 min_distance_gap_meters=216.12566278098586 median_distance_gap_meters=549.5643333939906 pairs_progress_gap_lt_1pct=0 pairs_departure_gap_lt_120s=0
[gtfs_spatial_audit] closest_pair time=12_00 route_id=3 direction_id=0 a_trip_id=3-R05 a_trip_instance_id=BUS-3-0-211 a_departure_time=42000 a_segment=G00155->G00703 a_progress=26.617 a_lat=-6.1542789 a_lng=106.7281025 b_trip_id=3-R05 b_trip_instance_id=BUS-3-0-210 b_departure_time=41800 b_segment=G00703->G00152 b_progress=30.929 b_lat=-6.1547577 b_lng=106.7304929 progress_diff_percentage=4.312 time_gap_seconds=200 distance_gap_meters=269.6
[gtfs_spatial_audit] closest_pair time=12_00 route_id=3 direction_id=0 a_trip_id=3-R05 a_trip_instance_id=BUS-3-0-212 a_departure_time=42200 a_segment=G00157->G00155 a_progress=22.303 a_lat=-6.1537759 a_lng=106.7255062 b_trip_id=3-R05 b_trip_instance_id=BUS-3-0-211 b_departure_time=42000 b_segment=G00155->G00703 b_progress=26.617 b_lat=-6.1542789 b_lng=106.7281025 progress_diff_percentage=4.314 time_gap_seconds=200 distance_gap_meters=292.4
[gtfs_spatial_audit] closest_pair time=12_00 route_id=3 direction_id=0 a_trip_id=3-R05 a_trip_instance_id=BUS-3-0-200 a_departure_time=39800 a_segment=G00138->G00708 a_progress=75.289 a_lat=-6.1667078 a_lng=106.7890589 b_trip_id=3-R05 b_trip_instance_id=BUS-3-0-199 b_departure_time=39600 b_segment=G00708->G00131 b_progress=79.609 b_lat=-6.1665885 b_lng=106.7922188 progress_diff_percentage=4.319 time_gap_seconds=200 distance_gap_meters=349.6
[gtfs_spatial_audit] closest_pair time=12_00 route_id=3 direction_id=0 a_trip_id=3-R05 a_trip_instance_id=BUS-3-0-202 a_departure_time=40200 a_segment=G00146->G00138 a_progress=66.431 a_lat=-6.1653187 a_lng=106.7823203 b_trip_id=3-R05 b_trip_instance_id=BUS-3-0-201 b_departure_time=40000 b_segment=G00138->G00708 b_progress=70.751 b_lat=-6.1665379 b_lng=106.7871114 progress_diff_percentage=4.320 time_gap_seconds=200 distance_gap_meters=546.7
[gtfs_spatial_audit] closest_pair time=12_00 route_id=3 direction_id=0 a_trip_id=3-R05 a_trip_instance_id=BUS-3-0-205 a_departure_time=40800 a_segment=G00150->G00149 a_progress=53.232 a_lat=-6.1570087 a_lng=106.7572314 b_trip_id=3-R05 b_trip_instance_id=BUS-3-0-204 b_departure_time=40600 b_segment=G00149->G00146 b_progress=57.556 b_lat=-6.1601054 b_lng=106.7661905 progress_diff_percentage=4.324 time_gap_seconds=200 distance_gap_meters=1048.6
[gtfs_spatial_audit] spacing_summary time=12_00 route_id=4 direction_id=0 active_count=9 min_progress_gap=11.31939437635184 median_progress_gap=11.547704878634942 min_departure_gap_seconds=500 median_departure_gap_seconds=500.0 min_distance_gap_meters=565.2497182824617 median_distance_gap_meters=1283.6853935275053 pairs_progress_gap_lt_1pct=0 pairs_departure_gap_lt_120s=0
[gtfs_spatial_audit] closest_pair time=12_00 route_id=4 direction_id=0 a_trip_id=4-R26 a_trip_instance_id=BUS-4-0-087 a_departure_time=43000 a_segment=G00168->G00171 a_progress=4.807 a_lat=-6.1870585 a_lng=106.9061936 b_trip_id=4-R26 b_trip_instance_id=BUS-4-0-086 b_departure_time=42500 b_segment=G00176->G00178 b_progress=16.126 b_lat=-6.1935759 b_lng=106.8986136 progress_diff_percentage=11.319 time_gap_seconds=500 distance_gap_meters=1107.9
[gtfs_spatial_audit] closest_pair time=12_00 route_id=4 direction_id=0 a_trip_id=4-R26 a_trip_instance_id=BUS-4-0-082 a_departure_time=40500 a_segment=G00195->G00197 a_progress=62.341 a_lat=-6.1982662 a_lng=106.8555454 b_trip_id=4-R26 b_trip_instance_id=BUS-4-0-081 b_departure_time=40000 b_segment=G00214->G00212 b_progress=73.684 b_lat=-6.2030720 b_lng=106.8572120 progress_diff_percentage=11.343 time_gap_seconds=500 distance_gap_meters=565.2
[gtfs_spatial_audit] closest_pair time=12_00 route_id=4 direction_id=0 a_trip_id=4-R26 a_trip_instance_id=BUS-4-0-081 a_departure_time=40000 a_segment=G00214->G00212 a_progress=73.684 a_lat=-6.2030720 a_lng=106.8572120 b_trip_id=4-R26 b_trip_instance_id=BUS-4-0-080 b_departure_time=39500 b_segment=B08302P->G00699 b_progress=85.220 b_lat=-6.2089546 b_lng=106.8463558 progress_diff_percentage=11.536 time_gap_seconds=500 distance_gap_meters=1366.8
[gtfs_spatial_audit] closest_pair time=12_00 route_id=4 direction_id=0 a_trip_id=4-R26 a_trip_instance_id=BUS-4-0-083 a_departure_time=41000 a_segment=G00190->G00193 a_progress=50.797 a_lat=-6.1926156 a_lng=106.8659849 b_trip_id=4-R26 b_trip_instance_id=BUS-4-0-082 b_departure_time=40500 b_segment=G00195->G00197 b_progress=62.341 b_lat=-6.1982662 b_lng=106.8555454 progress_diff_percentage=11.544 time_gap_seconds=500 distance_gap_meters=1314.0
[gtfs_spatial_audit] closest_pair time=12_00 route_id=4 direction_id=0 a_trip_id=4-R26 a_trip_instance_id=BUS-4-0-084 a_departure_time=41500 a_segment=G00187->B08048P a_progress=39.245 a_lat=-6.1927396 a_lng=106.8776909 b_trip_id=4-R26 b_trip_instance_id=BUS-4-0-083 b_departure_time=41000 b_segment=G00190->G00193 b_progress=50.797 b_lat=-6.1926156 b_lng=106.8659849 progress_diff_percentage=11.551 time_gap_seconds=500 distance_gap_meters=1294.1
[gtfs_spatial_audit] spacing_summary time=12_00 route_id=4 direction_id=1 active_count=9 min_progress_gap=11.025306955407135 median_progress_gap=11.036954816838696 min_departure_gap_seconds=450 median_departure_gap_seconds=450.0 min_distance_gap_meters=788.4256894471431 median_distance_gap_meters=1159.028819467807 pairs_progress_gap_lt_1pct=0 pairs_departure_gap_lt_120s=0
[gtfs_spatial_audit] closest_pair time=12_00 route_id=4 direction_id=1 a_trip_id=4-R27 a_trip_instance_id=BUS-4-1-095 a_departure_time=42300 a_segment=B08301P->G00196 a_progress=22.325 a_lat=-6.2032564 a_lng=106.8513319 b_trip_id=4-R27 b_trip_instance_id=BUS-4-1-094 b_departure_time=41850 b_segment=G00194->G00192 b_progress=33.350 b_lat=-6.1938056 b_lng=106.8621117 progress_diff_percentage=11.025 time_gap_seconds=450 distance_gap_meters=1588.8
[gtfs_spatial_audit] closest_pair time=12_00 route_id=4 direction_id=1 a_trip_id=4-R27 a_trip_instance_id=BUS-4-1-091 a_departure_time=40500 a_segment=G00185->G00182 a_progress=66.701 a_lat=-6.1933474 a_lng=106.8867819 b_trip_id=4-R27 b_trip_instance_id=BUS-4-1-090 b_departure_time=40050 b_segment=G00181->G00177 b_progress=77.726 b_lat=-6.1934586 b_lng=106.8949233 progress_diff_percentage=11.026 time_gap_seconds=450 distance_gap_meters=900.1
[gtfs_spatial_audit] closest_pair time=12_00 route_id=4 direction_id=1 a_trip_id=4-R27 a_trip_instance_id=BUS-4-1-090 a_departure_time=40050 a_segment=G00181->G00177 a_progress=77.726 a_lat=-6.1934586 a_lng=106.8949233 b_trip_id=4-R27 b_trip_instance_id=BUS-4-1-089 b_departure_time=39600 b_segment=G00175->G00172 b_progress=88.760 b_lat=-6.1913981 b_lng=106.9050543 progress_diff_percentage=11.034 time_gap_seconds=450 distance_gap_meters=1143.1
[gtfs_spatial_audit] closest_pair time=12_00 route_id=4 direction_id=1 a_trip_id=4-R27 a_trip_instance_id=BUS-4-1-096 a_departure_time=42750 a_segment=G00734->G00700 a_progress=11.291 a_lat=-6.2066852 a_lng=106.8396321 b_trip_id=4-R27 b_trip_instance_id=BUS-4-1-095 b_departure_time=42300 b_segment=B08301P->G00196 b_progress=22.325 b_lat=-6.2032564 b_lng=106.8513319 progress_diff_percentage=11.034 time_gap_seconds=450 distance_gap_meters=1348.4
[gtfs_spatial_audit] closest_pair time=12_00 route_id=4 direction_id=1 a_trip_id=4-R27 a_trip_instance_id=BUS-4-1-092 a_departure_time=40950 a_segment=B08047P->G00186 a_progress=55.661 a_lat=-6.1927813 a_lng=106.8796726 b_trip_id=4-R27 b_trip_instance_id=BUS-4-1-091 b_departure_time=40500 b_segment=G00185->G00182 b_progress=66.701 b_lat=-6.1933474 b_lng=106.8867819 progress_diff_percentage=11.040 time_gap_seconds=450 distance_gap_meters=788.4
[gtfs_spatial_audit] spacing_summary time=12_00 route_id=5 direction_id=0 active_count=21 min_progress_gap=0.11660982854270685 median_progress_gap=4.752321981424149 min_departure_gap_seconds=15 median_departure_gap_seconds=163.5 min_distance_gap_meters=486.2538965615749 median_distance_gap_meters=5289.112511408604 pairs_progress_gap_lt_1pct=2 pairs_departure_gap_lt_120s=8
[gtfs_spatial_audit] closest_pair time=12_00 route_id=5 direction_id=0 a_trip_id=5-R02 a_trip_instance_id=BUS-5-0-376 a_departure_time=39780 a_segment=G00355->G00670 a_progress=97.283 a_lat=-6.2231395 a_lng=106.8675349 b_trip_id=5-R01 b_trip_instance_id=BUS-5-0-123 b_departure_time=39894 b_segment=G00239->G00241 b_progress=97.399 b_lat=-6.1302815 b_lng=106.8309210 progress_diff_percentage=0.117 time_gap_seconds=114 distance_gap_meters=11090.4
[gtfs_spatial_audit] closest_pair time=12_00 route_id=5 direction_id=0 a_trip_id=5-R02 a_trip_instance_id=BUS-5-0-377 a_departure_time=40140 a_segment=G00210->G00206 a_progress=87.130 a_lat=-6.2152291 a_lng=106.8653937 b_trip_id=5-R01 b_trip_instance_id=BUS-5-0-124 b_departure_time=40221 b_segment=G00235->G00237 b_progress=87.895 b_lat=-6.1373947 b_lng=106.8324253 progress_diff_percentage=0.764 time_gap_seconds=81 distance_gap_meters=9390.9
[gtfs_spatial_audit] closest_pair time=12_00 route_id=5 direction_id=0 a_trip_id=5-R02 a_trip_instance_id=BUS-5-0-378 a_departure_time=40500 a_segment=G00212->G00210 a_progress=76.680 a_lat=-6.2086602 a_lng=106.8594371 b_trip_id=5-R01 b_trip_instance_id=BUS-5-0-125 b_departure_time=40548 b_segment=G00233->G00235 b_progress=78.080 b_lat=-6.1580230 b_lng=106.8370134 progress_diff_percentage=1.401 time_gap_seconds=48 distance_gap_meters=6152.1
[gtfs_spatial_audit] closest_pair time=12_00 route_id=5 direction_id=0 a_trip_id=5-R02 a_trip_instance_id=BUS-5-0-379 a_departure_time=40860 a_segment=G00216->G00214 a_progress=66.557 a_lat=-6.2009195 a_lng=106.8553371 b_trip_id=5-R01 b_trip_instance_id=BUS-5-0-126 b_departure_time=40875 b_segment=G00229->G00231 b_progress=68.576 b_lat=-6.1702033 b_lng=106.8400336 progress_diff_percentage=2.019 time_gap_seconds=15 distance_gap_meters=3811.5
[gtfs_spatial_audit] closest_pair time=12_00 route_id=5 direction_id=0 a_trip_id=5-R02 a_trip_instance_id=BUS-5-0-380 a_departure_time=41220 a_segment=G00220->G00218 a_progress=56.405 a_lat=-6.1953417 a_lng=106.8501993 b_trip_id=5-R01 b_trip_instance_id=BUS-5-0-127 b_departure_time=41202 b_segment=G00224->G00229 b_progress=58.824 b_lat=-6.1846570 b_lng=106.8439670 progress_diff_percentage=2.419 time_gap_seconds=18 distance_gap_meters=1373.4
[gtfs_spatial_audit] spacing_summary time=17_00 route_id=1 direction_id=0 active_count=12 min_progress_gap=8.686765457332655 median_progress_gap=8.712314767501276 min_departure_gap_seconds=360 median_departure_gap_seconds=360 min_distance_gap_meters=735.706432268975 median_distance_gap_meters=1095.1907605415886 pairs_progress_gap_lt_1pct=0 pairs_departure_gap_lt_120s=0
[gtfs_spatial_audit] closest_pair time=17_00 route_id=1 direction_id=0 a_trip_id=1-R07 a_trip_instance_id=BUS-1-0-166 a_departure_time=59400 a_segment=G00024->G00027 a_progress=44.021 a_lat=-6.2023884 a_lng=106.8225117 b_trip_id=1-R07 b_trip_instance_id=BUS-1-0-165 b_departure_time=59040 b_segment=G00034->G00038 b_progress=52.708 b_lat=-6.1935200 b_lng=106.8229827 progress_diff_percentage=8.687 time_gap_seconds=360 distance_gap_meters=987.5
[gtfs_spatial_audit] closest_pair time=17_00 route_id=1 direction_id=0 a_trip_id=1-R07 a_trip_instance_id=BUS-1-0-164 a_departure_time=58680 a_segment=G00038->G00039 a_progress=61.669 a_lat=-6.1842648 a_lng=106.8228453 b_trip_id=1-R07 b_trip_instance_id=BUS-1-0-163 b_departure_time=58320 b_segment=G00753->G00045 b_progress=70.363 b_lat=-6.1711408 b_lng=106.8217306 progress_diff_percentage=8.694 time_gap_seconds=360 distance_gap_meters=1464.5
[gtfs_spatial_audit] closest_pair time=17_00 route_id=1 direction_id=0 a_trip_id=1-R07 a_trip_instance_id=BUS-1-0-170 a_departure_time=60840 a_segment=G00012->G00009 a_progress=8.960 a_lat=-6.2374953 a_lng=106.7985780 b_trip_id=1-R07 b_trip_instance_id=BUS-1-0-169 b_departure_time=60480 b_segment=G00696->G00016 b_progress=17.655 b_lat=-6.2264800 b_lng=106.8026844 progress_diff_percentage=8.694 time_gap_seconds=360 distance_gap_meters=1306.2
[gtfs_spatial_audit] closest_pair time=17_00 route_id=1 direction_id=0 a_trip_id=1-R07 a_trip_instance_id=BUS-1-0-167 a_departure_time=59760 a_segment=G00747->G00690 a_progress=35.309 a_lat=-6.2137192 a_lng=106.8186196 b_trip_id=1-R07 b_trip_instance_id=BUS-1-0-166 b_departure_time=59400 b_segment=G00024->G00027 b_progress=44.021 b_lat=-6.2023884 b_lng=106.8225117 progress_diff_percentage=8.712 time_gap_seconds=360 distance_gap_meters=1331.4
[gtfs_spatial_audit] closest_pair time=17_00 route_id=1 direction_id=0 a_trip_id=1-R07 a_trip_instance_id=BUS-1-0-161 a_departure_time=57600 a_segment=G00053->G00055 a_progress=88.017 a_lat=-6.1504025 a_lng=106.8168734 b_trip_id=1-R07 b_trip_instance_id=BUS-1-0-160 b_departure_time=57240 b_segment=G00057->G00060 b_progress=96.730 b_lat=-6.1410050 b_lng=106.8139074 progress_diff_percentage=8.712 time_gap_seconds=360 distance_gap_meters=1095.2
[gtfs_spatial_audit] spacing_summary time=17_00 route_id=1 direction_id=1 active_count=12 min_progress_gap=8.372441439585291 median_progress_gap=8.388847767086114 min_departure_gap_seconds=360 median_departure_gap_seconds=360 min_distance_gap_meters=340.3901182806277 median_distance_gap_meters=1125.858076637908 pairs_progress_gap_lt_1pct=0 pairs_departure_gap_lt_120s=0
[gtfs_spatial_audit] closest_pair time=17_00 route_id=1 direction_id=1 a_trip_id=1-R08 a_trip_instance_id=BUS-1-1-168 a_departure_time=60120 a_segment=G00688->G00051 a_progress=25.405 a_lat=-6.1546331 a_lng=106.8179313 b_trip_id=1-R08 b_trip_instance_id=BUS-1-1-167 b_departure_time=59760 b_segment=G00048->G00751 b_progress=33.777 b_lat=-6.1640318 b_lng=106.8202377 progress_diff_percentage=8.372 time_gap_seconds=360 distance_gap_meters=1075.8
[gtfs_spatial_audit] closest_pair time=17_00 route_id=1 direction_id=1 a_trip_id=1-R08 a_trip_instance_id=BUS-1-1-169 a_departure_time=60480 a_segment=G00058->G00054 a_progress=17.024 a_lat=-6.1472291 a_lng=106.8162077 b_trip_id=1-R08 b_trip_instance_id=BUS-1-1-168 b_departure_time=60120 b_segment=G00688->G00051 b_progress=25.405 b_lat=-6.1546331 b_lng=106.8179313 progress_diff_percentage=8.381 time_gap_seconds=360 distance_gap_meters=845.0
[gtfs_spatial_audit] closest_pair time=17_00 route_id=1 direction_id=1 a_trip_id=1-R08 a_trip_instance_id=BUS-1-1-165 a_departure_time=59040 a_segment=G00036->G00031 a_progress=50.802 a_lat=-6.1918272 a_lng=106.8230534 b_trip_id=1-R08 b_trip_instance_id=BUS-1-1-164 b_departure_time=58680 b_segment=G00030->G00021 b_progress=59.191 b_lat=-6.2006816 b_lng=106.8227715 progress_diff_percentage=8.389 time_gap_seconds=360 distance_gap_meters=985.1
[gtfs_spatial_audit] closest_pair time=17_00 route_id=1 direction_id=1 a_trip_id=1-R08 a_trip_instance_id=BUS-1-1-162 a_departure_time=57960 a_segment=G00018->G00014 a_progress=76.190 a_lat=-6.2211290 a_lng=106.8103100 b_trip_id=1-R08 b_trip_instance_id=BUS-1-1-161 b_departure_time=57600 b_segment=G00014->G00694 b_progress=84.579 b_lat=-6.2270699 b_lng=106.8020624 progress_diff_percentage=8.389 time_gap_seconds=360 distance_gap_meters=1125.9
[gtfs_spatial_audit] closest_pair time=17_00 route_id=1 direction_id=1 a_trip_id=1-R08 a_trip_instance_id=BUS-1-1-161 a_departure_time=57600 a_segment=G00014->G00694 a_progress=84.579 a_lat=-6.2270699 a_lng=106.8020624 b_trip_id=1-R08 b_trip_instance_id=BUS-1-1-160 b_departure_time=57240 b_segment=G00010->G00083 b_progress=92.968 b_lat=-6.2385614 b_lng=106.7984820 progress_diff_percentage=8.389 time_gap_seconds=360 distance_gap_meters=1337.7
[gtfs_spatial_audit] spacing_summary time=17_00 route_id=2 direction_id=0 active_count=15 min_progress_gap=6.642274134534183 median_progress_gap=6.92919079471349 min_departure_gap_seconds=257 median_departure_gap_seconds=257.0 min_distance_gap_meters=241.2682963485287 median_distance_gap_meters=675.873512698805 pairs_progress_gap_lt_1pct=0 pairs_departure_gap_lt_120s=0
[gtfs_spatial_audit] closest_pair time=17_00 route_id=2 direction_id=0 a_trip_id=2-R05 a_trip_instance_id=BUS-2-0-230 a_departure_time=58853 a_segment=G00106->G00110 a_progress=62.848 a_lat=-6.1763690 a_lng=106.8403631 b_trip_id=2-R05 b_trip_instance_id=BUS-2-0-229 b_departure_time=58596 b_segment=G00111->G00112 b_progress=69.491 b_lat=-6.1750822 b_lng=106.8363295 progress_diff_percentage=6.642 time_gap_seconds=257 distance_gap_meters=468.3
[gtfs_spatial_audit] closest_pair time=17_00 route_id=2 direction_id=0 a_trip_id=2-R05 a_trip_instance_id=BUS-2-0-227 a_departure_time=58082 a_segment=G00113->G00114 a_progress=83.366 a_lat=-6.1726306 a_lng=106.8308450 b_trip_id=2-R05 b_trip_instance_id=BUS-2-0-226 b_departure_time=57825 b_segment=G00120->G00122 b_progress=90.034 b_lat=-6.1680582 b_lng=106.8305130 progress_diff_percentage=6.667 time_gap_seconds=257 distance_gap_meters=509.7
[gtfs_spatial_audit] closest_pair time=17_00 route_id=2 direction_id=0 a_trip_id=2-R05 a_trip_instance_id=BUS-2-0-237 a_departure_time=60652 a_segment=G00697->G00626 a_progress=14.833 a_lat=-6.1723023 a_lng=106.8894295 b_trip_id=2-R05 b_trip_instance_id=BUS-2-0-236 b_departure_time=60395 b_segment=G00092->G00096 b_progress=21.501 b_lat=-6.1678784 b_lng=106.8818854 progress_diff_percentage=6.668 time_gap_seconds=257 distance_gap_meters=968.3
[gtfs_spatial_audit] closest_pair time=17_00 route_id=2 direction_id=0 a_trip_id=2-R05 a_trip_instance_id=BUS-2-0-234 a_departure_time=59881 a_segment=G00094->G00098 a_progress=35.358 a_lat=-6.1699454 a_lng=106.8676474 b_trip_id=2-R05 b_trip_instance_id=BUS-2-0-233 b_departure_time=59624 b_segment=G00101->G00102 b_progress=42.105 b_lat=-6.1723740 b_lng=106.8624850 progress_diff_percentage=6.747 time_gap_seconds=257 distance_gap_meters=631.4
[gtfs_spatial_audit] closest_pair time=17_00 route_id=2 direction_id=0 a_trip_id=2-R05 a_trip_instance_id=BUS-2-0-233 a_departure_time=59624 a_segment=G00101->G00102 a_progress=42.105 a_lat=-6.1723740 a_lng=106.8624850 b_trip_id=2-R05 b_trip_instance_id=BUS-2-0-232 b_departure_time=59367 b_segment=G00102->G00104 b_progress=48.964 b_lat=-6.1740987 b_lng=106.8571181 progress_diff_percentage=6.859 time_gap_seconds=257 distance_gap_meters=623.5
[gtfs_spatial_audit] spacing_summary time=17_00 route_id=3 direction_id=0 active_count=23 min_progress_gap=4.31179283093196 median_progress_gap=4.324078288575336 min_departure_gap_seconds=200 median_departure_gap_seconds=200.0 min_distance_gap_meters=216.12566278098586 median_distance_gap_meters=549.5643333939906 pairs_progress_gap_lt_1pct=0 pairs_departure_gap_lt_120s=0
[gtfs_spatial_audit] closest_pair time=17_00 route_id=3 direction_id=0 a_trip_id=3-R05 a_trip_instance_id=BUS-3-0-301 a_departure_time=60000 a_segment=G00155->G00703 a_progress=26.617 a_lat=-6.1542789 a_lng=106.7281025 b_trip_id=3-R05 b_trip_instance_id=BUS-3-0-300 b_departure_time=59800 b_segment=G00703->G00152 b_progress=30.929 b_lat=-6.1547577 b_lng=106.7304929 progress_diff_percentage=4.312 time_gap_seconds=200 distance_gap_meters=269.6
[gtfs_spatial_audit] closest_pair time=17_00 route_id=3 direction_id=0 a_trip_id=3-R05 a_trip_instance_id=BUS-3-0-302 a_departure_time=60200 a_segment=G00157->G00155 a_progress=22.303 a_lat=-6.1537759 a_lng=106.7255062 b_trip_id=3-R05 b_trip_instance_id=BUS-3-0-301 b_departure_time=60000 b_segment=G00155->G00703 b_progress=26.617 b_lat=-6.1542789 b_lng=106.7281025 progress_diff_percentage=4.314 time_gap_seconds=200 distance_gap_meters=292.4
[gtfs_spatial_audit] closest_pair time=17_00 route_id=3 direction_id=0 a_trip_id=3-R05 a_trip_instance_id=BUS-3-0-290 a_departure_time=57800 a_segment=G00138->G00708 a_progress=75.289 a_lat=-6.1667078 a_lng=106.7890589 b_trip_id=3-R05 b_trip_instance_id=BUS-3-0-289 b_departure_time=57600 b_segment=G00708->G00131 b_progress=79.609 b_lat=-6.1665885 b_lng=106.7922188 progress_diff_percentage=4.319 time_gap_seconds=200 distance_gap_meters=349.6
[gtfs_spatial_audit] closest_pair time=17_00 route_id=3 direction_id=0 a_trip_id=3-R05 a_trip_instance_id=BUS-3-0-292 a_departure_time=58200 a_segment=G00146->G00138 a_progress=66.431 a_lat=-6.1653187 a_lng=106.7823203 b_trip_id=3-R05 b_trip_instance_id=BUS-3-0-291 b_departure_time=58000 b_segment=G00138->G00708 b_progress=70.751 b_lat=-6.1665379 b_lng=106.7871114 progress_diff_percentage=4.320 time_gap_seconds=200 distance_gap_meters=546.7
[gtfs_spatial_audit] closest_pair time=17_00 route_id=3 direction_id=0 a_trip_id=3-R05 a_trip_instance_id=BUS-3-0-295 a_departure_time=58800 a_segment=G00150->G00149 a_progress=53.232 a_lat=-6.1570087 a_lng=106.7572314 b_trip_id=3-R05 b_trip_instance_id=BUS-3-0-294 b_departure_time=58600 b_segment=G00149->G00146 b_progress=57.556 b_lat=-6.1601054 b_lng=106.7661905 progress_diff_percentage=4.324 time_gap_seconds=200 distance_gap_meters=1048.6
[gtfs_spatial_audit] spacing_summary time=17_00 route_id=4 direction_id=0 active_count=9 min_progress_gap=11.31939437635184 median_progress_gap=11.547704878634942 min_departure_gap_seconds=500 median_departure_gap_seconds=500.0 min_distance_gap_meters=565.2497182824617 median_distance_gap_meters=1283.6853935275053 pairs_progress_gap_lt_1pct=0 pairs_departure_gap_lt_120s=0
[gtfs_spatial_audit] closest_pair time=17_00 route_id=4 direction_id=0 a_trip_id=4-R26 a_trip_instance_id=BUS-4-0-123 a_departure_time=61000 a_segment=G00168->G00171 a_progress=4.807 a_lat=-6.1870585 a_lng=106.9061936 b_trip_id=4-R26 b_trip_instance_id=BUS-4-0-122 b_departure_time=60500 b_segment=G00176->G00178 b_progress=16.126 b_lat=-6.1935759 b_lng=106.8986136 progress_diff_percentage=11.319 time_gap_seconds=500 distance_gap_meters=1107.9
[gtfs_spatial_audit] closest_pair time=17_00 route_id=4 direction_id=0 a_trip_id=4-R26 a_trip_instance_id=BUS-4-0-118 a_departure_time=58500 a_segment=G00195->G00197 a_progress=62.341 a_lat=-6.1982662 a_lng=106.8555454 b_trip_id=4-R26 b_trip_instance_id=BUS-4-0-117 b_departure_time=58000 b_segment=G00214->G00212 b_progress=73.684 b_lat=-6.2030720 b_lng=106.8572120 progress_diff_percentage=11.343 time_gap_seconds=500 distance_gap_meters=565.2
[gtfs_spatial_audit] closest_pair time=17_00 route_id=4 direction_id=0 a_trip_id=4-R26 a_trip_instance_id=BUS-4-0-117 a_departure_time=58000 a_segment=G00214->G00212 a_progress=73.684 a_lat=-6.2030720 a_lng=106.8572120 b_trip_id=4-R26 b_trip_instance_id=BUS-4-0-116 b_departure_time=57500 b_segment=B08302P->G00699 b_progress=85.220 b_lat=-6.2089546 b_lng=106.8463558 progress_diff_percentage=11.536 time_gap_seconds=500 distance_gap_meters=1366.8
[gtfs_spatial_audit] closest_pair time=17_00 route_id=4 direction_id=0 a_trip_id=4-R26 a_trip_instance_id=BUS-4-0-119 a_departure_time=59000 a_segment=G00190->G00193 a_progress=50.797 a_lat=-6.1926156 a_lng=106.8659849 b_trip_id=4-R26 b_trip_instance_id=BUS-4-0-118 b_departure_time=58500 b_segment=G00195->G00197 b_progress=62.341 b_lat=-6.1982662 b_lng=106.8555454 progress_diff_percentage=11.544 time_gap_seconds=500 distance_gap_meters=1314.0
[gtfs_spatial_audit] closest_pair time=17_00 route_id=4 direction_id=0 a_trip_id=4-R26 a_trip_instance_id=BUS-4-0-120 a_departure_time=59500 a_segment=G00187->B08048P a_progress=39.245 a_lat=-6.1927396 a_lng=106.8776909 b_trip_id=4-R26 b_trip_instance_id=BUS-4-0-119 b_departure_time=59000 b_segment=G00190->G00193 b_progress=50.797 b_lat=-6.1926156 b_lng=106.8659849 progress_diff_percentage=11.551 time_gap_seconds=500 distance_gap_meters=1294.1
[gtfs_spatial_audit] spacing_summary time=17_00 route_id=4 direction_id=1 active_count=9 min_progress_gap=11.025306955407135 median_progress_gap=11.036954816838696 min_departure_gap_seconds=450 median_departure_gap_seconds=450.0 min_distance_gap_meters=788.4256894471431 median_distance_gap_meters=1159.028819467807 pairs_progress_gap_lt_1pct=0 pairs_departure_gap_lt_120s=0
[gtfs_spatial_audit] closest_pair time=17_00 route_id=4 direction_id=1 a_trip_id=4-R27 a_trip_instance_id=BUS-4-1-135 a_departure_time=60300 a_segment=B08301P->G00196 a_progress=22.325 a_lat=-6.2032564 a_lng=106.8513319 b_trip_id=4-R27 b_trip_instance_id=BUS-4-1-134 b_departure_time=59850 b_segment=G00194->G00192 b_progress=33.350 b_lat=-6.1938056 b_lng=106.8621117 progress_diff_percentage=11.025 time_gap_seconds=450 distance_gap_meters=1588.8
[gtfs_spatial_audit] closest_pair time=17_00 route_id=4 direction_id=1 a_trip_id=4-R27 a_trip_instance_id=BUS-4-1-131 a_departure_time=58500 a_segment=G00185->G00182 a_progress=66.701 a_lat=-6.1933474 a_lng=106.8867819 b_trip_id=4-R27 b_trip_instance_id=BUS-4-1-130 b_departure_time=58050 b_segment=G00181->G00177 b_progress=77.726 b_lat=-6.1934586 b_lng=106.8949233 progress_diff_percentage=11.026 time_gap_seconds=450 distance_gap_meters=900.1
[gtfs_spatial_audit] closest_pair time=17_00 route_id=4 direction_id=1 a_trip_id=4-R27 a_trip_instance_id=BUS-4-1-130 a_departure_time=58050 a_segment=G00181->G00177 a_progress=77.726 a_lat=-6.1934586 a_lng=106.8949233 b_trip_id=4-R27 b_trip_instance_id=BUS-4-1-129 b_departure_time=57600 b_segment=G00175->G00172 b_progress=88.760 b_lat=-6.1913981 b_lng=106.9050543 progress_diff_percentage=11.034 time_gap_seconds=450 distance_gap_meters=1143.1
[gtfs_spatial_audit] closest_pair time=17_00 route_id=4 direction_id=1 a_trip_id=4-R27 a_trip_instance_id=BUS-4-1-136 a_departure_time=60750 a_segment=G00734->G00700 a_progress=11.291 a_lat=-6.2066852 a_lng=106.8396321 b_trip_id=4-R27 b_trip_instance_id=BUS-4-1-135 b_departure_time=60300 b_segment=B08301P->G00196 b_progress=22.325 b_lat=-6.2032564 b_lng=106.8513319 progress_diff_percentage=11.034 time_gap_seconds=450 distance_gap_meters=1348.4
[gtfs_spatial_audit] closest_pair time=17_00 route_id=4 direction_id=1 a_trip_id=4-R27 a_trip_instance_id=BUS-4-1-132 a_departure_time=58950 a_segment=B08047P->G00186 a_progress=55.661 a_lat=-6.1927813 a_lng=106.8796726 b_trip_id=4-R27 b_trip_instance_id=BUS-4-1-131 b_departure_time=58500 b_segment=G00185->G00182 b_progress=66.701 b_lat=-6.1933474 b_lng=106.8867819 progress_diff_percentage=11.040 time_gap_seconds=450 distance_gap_meters=788.4
[gtfs_spatial_audit] spacing_summary time=17_00 route_id=5 direction_id=0 active_count=21 min_progress_gap=0.5810061133724105 median_progress_gap=4.752321981424146 min_departure_gap_seconds=0 median_departure_gap_seconds=163.5 min_distance_gap_meters=432.47058167998017 median_distance_gap_meters=5309.803997634703 pairs_progress_gap_lt_1pct=1 pairs_departure_gap_lt_120s=7
[gtfs_spatial_audit] closest_pair time=17_00 route_id=5 direction_id=0 a_trip_id=5-R02 a_trip_instance_id=BUS-5-0-426 a_departure_time=57780 a_segment=G00355->G00670 a_progress=97.283 a_lat=-6.2231395 a_lng=106.8675349 b_trip_id=5-R01 b_trip_instance_id=BUS-5-0-178 b_departure_time=57879 b_segment=G00239->G00241 b_progress=97.864 b_lat=-6.1297961 b_lng=106.8308262 progress_diff_percentage=0.581 time_gap_seconds=99 distance_gap_meters=11144.4
[gtfs_spatial_audit] closest_pair time=17_00 route_id=5 direction_id=0 a_trip_id=5-R02 a_trip_instance_id=BUS-5-0-427 a_departure_time=58140 a_segment=G00210->G00206 a_progress=87.130 a_lat=-6.2152291 a_lng=106.8653937 b_trip_id=5-R01 b_trip_instance_id=BUS-5-0-179 b_departure_time=58206 b_segment=G00237->G00239 b_progress=88.235 b_lat=-6.1368210 b_lng=106.8323150 progress_diff_percentage=1.105 time_gap_seconds=66 distance_gap_meters=9454.4
[gtfs_spatial_audit] closest_pair time=17_00 route_id=5 direction_id=0 a_trip_id=5-R02 a_trip_instance_id=BUS-5-0-428 a_departure_time=58500 a_segment=G00212->G00210 a_progress=76.680 a_lat=-6.2086602 a_lng=106.8594371 b_trip_id=5-R01 b_trip_instance_id=BUS-5-0-180 b_departure_time=58533 b_segment=G00233->G00235 b_progress=78.545 b_lat=-6.1567956 b_lng=106.8367098 progress_diff_percentage=1.865 time_gap_seconds=33 distance_gap_meters=6290.6
[gtfs_spatial_audit] closest_pair time=17_00 route_id=5 direction_id=0 a_trip_id=5-R02 a_trip_instance_id=BUS-5-0-429 a_departure_time=58860 a_segment=G00216->G00214 a_progress=66.557 a_lat=-6.2009195 a_lng=106.8553371 b_trip_id=5-R01 b_trip_instance_id=BUS-5-0-181 b_departure_time=58860 b_segment=G00229->G00231 b_progress=69.040 b_lat=-6.1692495 b_lng=106.8397974 progress_diff_percentage=2.483 time_gap_seconds=0 distance_gap_meters=3918.2
[gtfs_spatial_audit] closest_pair time=17_00 route_id=5 direction_id=0 a_trip_id=5-R02 a_trip_instance_id=BUS-5-0-430 a_departure_time=59220 a_segment=G00220->G00218 a_progress=56.405 a_lat=-6.1953417 a_lng=106.8501993 b_trip_id=5-R01 b_trip_instance_id=BUS-5-0-182 b_departure_time=59187 b_segment=G00224->G00229 b_progress=59.226 b_lat=-6.1842119 b_lng=106.8438326 progress_diff_percentage=2.821 time_gap_seconds=33 distance_gap_meters=1423.7
[gtfs_spatial_audit] spacing_summary time=22_00 route_id=1 direction_id=0 active_count=12 min_progress_gap=8.686765457332655 median_progress_gap=8.712314767501276 min_departure_gap_seconds=360 median_departure_gap_seconds=360 min_distance_gap_meters=735.706432268975 median_distance_gap_meters=1095.1907605415886 pairs_progress_gap_lt_1pct=0 pairs_departure_gap_lt_120s=0
[gtfs_spatial_audit] closest_pair time=22_00 route_id=1 direction_id=0 a_trip_id=1-R07 a_trip_instance_id=BUS-1-0-216 a_departure_time=77400 a_segment=G00024->G00027 a_progress=44.021 a_lat=-6.2023884 a_lng=106.8225117 b_trip_id=1-R07 b_trip_instance_id=BUS-1-0-215 b_departure_time=77040 b_segment=G00034->G00038 b_progress=52.708 b_lat=-6.1935200 b_lng=106.8229827 progress_diff_percentage=8.687 time_gap_seconds=360 distance_gap_meters=987.5
[gtfs_spatial_audit] closest_pair time=22_00 route_id=1 direction_id=0 a_trip_id=1-R07 a_trip_instance_id=BUS-1-0-214 a_departure_time=76680 a_segment=G00038->G00039 a_progress=61.669 a_lat=-6.1842648 a_lng=106.8228453 b_trip_id=1-R07 b_trip_instance_id=BUS-1-0-213 b_departure_time=76320 b_segment=G00753->G00045 b_progress=70.363 b_lat=-6.1711408 b_lng=106.8217306 progress_diff_percentage=8.694 time_gap_seconds=360 distance_gap_meters=1464.5
[gtfs_spatial_audit] closest_pair time=22_00 route_id=1 direction_id=0 a_trip_id=1-R07 a_trip_instance_id=BUS-1-0-220 a_departure_time=78840 a_segment=G00012->G00009 a_progress=8.960 a_lat=-6.2374953 a_lng=106.7985780 b_trip_id=1-R07 b_trip_instance_id=BUS-1-0-219 b_departure_time=78480 b_segment=G00696->G00016 b_progress=17.655 b_lat=-6.2264800 b_lng=106.8026844 progress_diff_percentage=8.694 time_gap_seconds=360 distance_gap_meters=1306.2
[gtfs_spatial_audit] closest_pair time=22_00 route_id=1 direction_id=0 a_trip_id=1-R07 a_trip_instance_id=BUS-1-0-217 a_departure_time=77760 a_segment=G00747->G00690 a_progress=35.309 a_lat=-6.2137192 a_lng=106.8186196 b_trip_id=1-R07 b_trip_instance_id=BUS-1-0-216 b_departure_time=77400 b_segment=G00024->G00027 b_progress=44.021 b_lat=-6.2023884 b_lng=106.8225117 progress_diff_percentage=8.712 time_gap_seconds=360 distance_gap_meters=1331.4
[gtfs_spatial_audit] closest_pair time=22_00 route_id=1 direction_id=0 a_trip_id=1-R07 a_trip_instance_id=BUS-1-0-211 a_departure_time=75600 a_segment=G00053->G00055 a_progress=88.017 a_lat=-6.1504025 a_lng=106.8168734 b_trip_id=1-R07 b_trip_instance_id=BUS-1-0-210 b_departure_time=75240 b_segment=G00057->G00060 b_progress=96.730 b_lat=-6.1410050 b_lng=106.8139074 progress_diff_percentage=8.712 time_gap_seconds=360 distance_gap_meters=1095.2
[gtfs_spatial_audit] spacing_summary time=22_00 route_id=1 direction_id=1 active_count=12 min_progress_gap=8.372441439585291 median_progress_gap=8.388847767086114 min_departure_gap_seconds=360 median_departure_gap_seconds=360 min_distance_gap_meters=340.3901182806277 median_distance_gap_meters=1125.858076637908 pairs_progress_gap_lt_1pct=0 pairs_departure_gap_lt_120s=0
[gtfs_spatial_audit] closest_pair time=22_00 route_id=1 direction_id=1 a_trip_id=1-R08 a_trip_instance_id=BUS-1-1-218 a_departure_time=78120 a_segment=G00688->G00051 a_progress=25.405 a_lat=-6.1546331 a_lng=106.8179313 b_trip_id=1-R08 b_trip_instance_id=BUS-1-1-217 b_departure_time=77760 b_segment=G00048->G00751 b_progress=33.777 b_lat=-6.1640318 b_lng=106.8202377 progress_diff_percentage=8.372 time_gap_seconds=360 distance_gap_meters=1075.8
[gtfs_spatial_audit] closest_pair time=22_00 route_id=1 direction_id=1 a_trip_id=1-R08 a_trip_instance_id=BUS-1-1-219 a_departure_time=78480 a_segment=G00058->G00054 a_progress=17.024 a_lat=-6.1472291 a_lng=106.8162077 b_trip_id=1-R08 b_trip_instance_id=BUS-1-1-218 b_departure_time=78120 b_segment=G00688->G00051 b_progress=25.405 b_lat=-6.1546331 b_lng=106.8179313 progress_diff_percentage=8.381 time_gap_seconds=360 distance_gap_meters=845.0
[gtfs_spatial_audit] closest_pair time=22_00 route_id=1 direction_id=1 a_trip_id=1-R08 a_trip_instance_id=BUS-1-1-215 a_departure_time=77040 a_segment=G00036->G00031 a_progress=50.802 a_lat=-6.1918272 a_lng=106.8230534 b_trip_id=1-R08 b_trip_instance_id=BUS-1-1-214 b_departure_time=76680 b_segment=G00030->G00021 b_progress=59.191 b_lat=-6.2006816 b_lng=106.8227715 progress_diff_percentage=8.389 time_gap_seconds=360 distance_gap_meters=985.1
[gtfs_spatial_audit] closest_pair time=22_00 route_id=1 direction_id=1 a_trip_id=1-R08 a_trip_instance_id=BUS-1-1-212 a_departure_time=75960 a_segment=G00018->G00014 a_progress=76.190 a_lat=-6.2211290 a_lng=106.8103100 b_trip_id=1-R08 b_trip_instance_id=BUS-1-1-211 b_departure_time=75600 b_segment=G00014->G00694 b_progress=84.579 b_lat=-6.2270699 b_lng=106.8020624 progress_diff_percentage=8.389 time_gap_seconds=360 distance_gap_meters=1125.9
[gtfs_spatial_audit] closest_pair time=22_00 route_id=1 direction_id=1 a_trip_id=1-R08 a_trip_instance_id=BUS-1-1-211 a_departure_time=75600 a_segment=G00014->G00694 a_progress=84.579 a_lat=-6.2270699 a_lng=106.8020624 b_trip_id=1-R08 b_trip_instance_id=BUS-1-1-210 b_departure_time=75240 b_segment=G00010->G00083 b_progress=92.968 b_lat=-6.2385614 b_lng=106.7984820 progress_diff_percentage=8.389 time_gap_seconds=360 distance_gap_meters=1337.7
[gtfs_spatial_audit] spacing_summary time=22_00 route_id=2 direction_id=0 active_count=15 min_progress_gap=6.6422741345341905 median_progress_gap=6.931960405051765 min_departure_gap_seconds=257 median_departure_gap_seconds=257.0 min_distance_gap_meters=236.32717113744417 median_distance_gap_meters=684.394480345451 pairs_progress_gap_lt_1pct=0 pairs_departure_gap_lt_120s=0
[gtfs_spatial_audit] closest_pair time=22_00 route_id=2 direction_id=0 a_trip_id=2-R05 a_trip_instance_id=BUS-2-0-300 a_departure_time=76843 a_segment=G00106->G00110 a_progress=63.130 a_lat=-6.1762617 a_lng=106.8402421 b_trip_id=2-R05 b_trip_instance_id=BUS-2-0-299 b_departure_time=76586 b_segment=G00111->G00112 b_progress=69.772 b_lat=-6.1749763 b_lng=106.8362215 progress_diff_percentage=6.642 time_gap_seconds=257 distance_gap_meters=466.9
[gtfs_spatial_audit] closest_pair time=22_00 route_id=2 direction_id=0 a_trip_id=2-R05 a_trip_instance_id=BUS-2-0-304 a_departure_time=77871 a_segment=G00094->G00098 a_progress=35.638 a_lat=-6.1700364 a_lng=106.8674517 b_trip_id=2-R05 b_trip_instance_id=BUS-2-0-303 b_departure_time=77614 b_segment=G00101->G00102 b_progress=42.302 b_lat=-6.1724333 b_lng=106.8623209 progress_diff_percentage=6.664 time_gap_seconds=257 distance_gap_meters=626.7
[gtfs_spatial_audit] closest_pair time=22_00 route_id=2 direction_id=0 a_trip_id=2-R05 a_trip_instance_id=BUS-2-0-297 a_departure_time=76072 a_segment=G00113->G00114 a_progress=83.648 a_lat=-6.1725044 a_lng=106.8308733 b_trip_id=2-R05 b_trip_instance_id=BUS-2-0-296 b_departure_time=75815 b_segment=G00120->G00122 b_progress=90.314 b_lat=-6.1680444 b_lng=106.8303734 progress_diff_percentage=6.666 time_gap_seconds=257 distance_gap_meters=499.0
[gtfs_spatial_audit] closest_pair time=22_00 route_id=2 direction_id=0 a_trip_id=2-R05 a_trip_instance_id=BUS-2-0-307 a_departure_time=78642 a_segment=G00697->G00626 a_progress=15.114 a_lat=-6.1721413 a_lng=106.8892120 b_trip_id=2-R05 b_trip_instance_id=BUS-2-0-306 b_departure_time=78385 b_segment=G00092->G00096 b_progress=21.781 b_lat=-6.1678049 b_lng=106.8815387 progress_diff_percentage=6.667 time_gap_seconds=257 distance_gap_meters=975.8
[gtfs_spatial_audit] closest_pair time=22_00 route_id=2 direction_id=0 a_trip_id=2-R05 a_trip_instance_id=BUS-2-0-306 a_departure_time=78385 a_segment=G00092->G00096 a_progress=21.781 a_lat=-6.1678049 a_lng=106.8815387 b_trip_id=2-R05 b_trip_instance_id=BUS-2-0-305 b_departure_time=78128 b_segment=G00096->G00094 b_progress=28.708 b_lat=-6.1675695 b_lng=106.8733625 progress_diff_percentage=6.928 time_gap_seconds=257 distance_gap_meters=904.3
[gtfs_spatial_audit] spacing_summary time=22_00 route_id=3 direction_id=0 active_count=23 min_progress_gap=4.31179283093196 median_progress_gap=4.324078288575336 min_departure_gap_seconds=200 median_departure_gap_seconds=200.0 min_distance_gap_meters=216.12566278098586 median_distance_gap_meters=549.5643333939906 pairs_progress_gap_lt_1pct=0 pairs_departure_gap_lt_120s=0
[gtfs_spatial_audit] closest_pair time=22_00 route_id=3 direction_id=0 a_trip_id=3-R05 a_trip_instance_id=BUS-3-0-391 a_departure_time=78000 a_segment=G00155->G00703 a_progress=26.617 a_lat=-6.1542789 a_lng=106.7281025 b_trip_id=3-R05 b_trip_instance_id=BUS-3-0-390 b_departure_time=77800 b_segment=G00703->G00152 b_progress=30.929 b_lat=-6.1547577 b_lng=106.7304929 progress_diff_percentage=4.312 time_gap_seconds=200 distance_gap_meters=269.6
[gtfs_spatial_audit] closest_pair time=22_00 route_id=3 direction_id=0 a_trip_id=3-R05 a_trip_instance_id=BUS-3-0-392 a_departure_time=78200 a_segment=G00157->G00155 a_progress=22.303 a_lat=-6.1537759 a_lng=106.7255062 b_trip_id=3-R05 b_trip_instance_id=BUS-3-0-391 b_departure_time=78000 b_segment=G00155->G00703 b_progress=26.617 b_lat=-6.1542789 b_lng=106.7281025 progress_diff_percentage=4.314 time_gap_seconds=200 distance_gap_meters=292.4
[gtfs_spatial_audit] closest_pair time=22_00 route_id=3 direction_id=0 a_trip_id=3-R05 a_trip_instance_id=BUS-3-0-380 a_departure_time=75800 a_segment=G00138->G00708 a_progress=75.289 a_lat=-6.1667078 a_lng=106.7890589 b_trip_id=3-R05 b_trip_instance_id=BUS-3-0-379 b_departure_time=75600 b_segment=G00708->G00131 b_progress=79.609 b_lat=-6.1665885 b_lng=106.7922188 progress_diff_percentage=4.319 time_gap_seconds=200 distance_gap_meters=349.6
[gtfs_spatial_audit] closest_pair time=22_00 route_id=3 direction_id=0 a_trip_id=3-R05 a_trip_instance_id=BUS-3-0-382 a_departure_time=76200 a_segment=G00146->G00138 a_progress=66.431 a_lat=-6.1653187 a_lng=106.7823203 b_trip_id=3-R05 b_trip_instance_id=BUS-3-0-381 b_departure_time=76000 b_segment=G00138->G00708 b_progress=70.751 b_lat=-6.1665379 b_lng=106.7871114 progress_diff_percentage=4.320 time_gap_seconds=200 distance_gap_meters=546.7
[gtfs_spatial_audit] closest_pair time=22_00 route_id=3 direction_id=0 a_trip_id=3-R05 a_trip_instance_id=BUS-3-0-385 a_departure_time=76800 a_segment=G00150->G00149 a_progress=53.232 a_lat=-6.1570087 a_lng=106.7572314 b_trip_id=3-R05 b_trip_instance_id=BUS-3-0-384 b_departure_time=76600 b_segment=G00149->G00146 b_progress=57.556 b_lat=-6.1601054 b_lng=106.7661905 progress_diff_percentage=4.324 time_gap_seconds=200 distance_gap_meters=1048.6
[gtfs_spatial_audit] spacing_summary time=22_00 route_id=4 direction_id=0 active_count=9 min_progress_gap=11.31939437635184 median_progress_gap=11.547704878634942 min_departure_gap_seconds=500 median_departure_gap_seconds=500.0 min_distance_gap_meters=565.2497182824617 median_distance_gap_meters=1283.6853935275053 pairs_progress_gap_lt_1pct=0 pairs_departure_gap_lt_120s=0
[gtfs_spatial_audit] closest_pair time=22_00 route_id=4 direction_id=0 a_trip_id=4-R26 a_trip_instance_id=BUS-4-0-159 a_departure_time=79000 a_segment=G00168->G00171 a_progress=4.807 a_lat=-6.1870585 a_lng=106.9061936 b_trip_id=4-R26 b_trip_instance_id=BUS-4-0-158 b_departure_time=78500 b_segment=G00176->G00178 b_progress=16.126 b_lat=-6.1935759 b_lng=106.8986136 progress_diff_percentage=11.319 time_gap_seconds=500 distance_gap_meters=1107.9
[gtfs_spatial_audit] closest_pair time=22_00 route_id=4 direction_id=0 a_trip_id=4-R26 a_trip_instance_id=BUS-4-0-154 a_departure_time=76500 a_segment=G00195->G00197 a_progress=62.341 a_lat=-6.1982662 a_lng=106.8555454 b_trip_id=4-R26 b_trip_instance_id=BUS-4-0-153 b_departure_time=76000 b_segment=G00214->G00212 b_progress=73.684 b_lat=-6.2030720 b_lng=106.8572120 progress_diff_percentage=11.343 time_gap_seconds=500 distance_gap_meters=565.2
[gtfs_spatial_audit] closest_pair time=22_00 route_id=4 direction_id=0 a_trip_id=4-R26 a_trip_instance_id=BUS-4-0-153 a_departure_time=76000 a_segment=G00214->G00212 a_progress=73.684 a_lat=-6.2030720 a_lng=106.8572120 b_trip_id=4-R26 b_trip_instance_id=BUS-4-0-152 b_departure_time=75500 b_segment=B08302P->G00699 b_progress=85.220 b_lat=-6.2089546 b_lng=106.8463558 progress_diff_percentage=11.536 time_gap_seconds=500 distance_gap_meters=1366.8
[gtfs_spatial_audit] closest_pair time=22_00 route_id=4 direction_id=0 a_trip_id=4-R26 a_trip_instance_id=BUS-4-0-155 a_departure_time=77000 a_segment=G00190->G00193 a_progress=50.797 a_lat=-6.1926156 a_lng=106.8659849 b_trip_id=4-R26 b_trip_instance_id=BUS-4-0-154 b_departure_time=76500 b_segment=G00195->G00197 b_progress=62.341 b_lat=-6.1982662 b_lng=106.8555454 progress_diff_percentage=11.544 time_gap_seconds=500 distance_gap_meters=1314.0
[gtfs_spatial_audit] closest_pair time=22_00 route_id=4 direction_id=0 a_trip_id=4-R26 a_trip_instance_id=BUS-4-0-156 a_departure_time=77500 a_segment=G00187->B08048P a_progress=39.245 a_lat=-6.1927396 a_lng=106.8776909 b_trip_id=4-R26 b_trip_instance_id=BUS-4-0-155 b_departure_time=77000 b_segment=G00190->G00193 b_progress=50.797 b_lat=-6.1926156 b_lng=106.8659849 progress_diff_percentage=11.551 time_gap_seconds=500 distance_gap_meters=1294.1
[gtfs_spatial_audit] spacing_summary time=22_00 route_id=4 direction_id=1 active_count=9 min_progress_gap=11.025306955407135 median_progress_gap=11.036954816838696 min_departure_gap_seconds=450 median_departure_gap_seconds=450.0 min_distance_gap_meters=788.4256894471431 median_distance_gap_meters=1159.028819467807 pairs_progress_gap_lt_1pct=0 pairs_departure_gap_lt_120s=0
[gtfs_spatial_audit] closest_pair time=22_00 route_id=4 direction_id=1 a_trip_id=4-R27 a_trip_instance_id=BUS-4-1-175 a_departure_time=78300 a_segment=B08301P->G00196 a_progress=22.325 a_lat=-6.2032564 a_lng=106.8513319 b_trip_id=4-R27 b_trip_instance_id=BUS-4-1-174 b_departure_time=77850 b_segment=G00194->G00192 b_progress=33.350 b_lat=-6.1938056 b_lng=106.8621117 progress_diff_percentage=11.025 time_gap_seconds=450 distance_gap_meters=1588.8
[gtfs_spatial_audit] closest_pair time=22_00 route_id=4 direction_id=1 a_trip_id=4-R27 a_trip_instance_id=BUS-4-1-171 a_departure_time=76500 a_segment=G00185->G00182 a_progress=66.701 a_lat=-6.1933474 a_lng=106.8867819 b_trip_id=4-R27 b_trip_instance_id=BUS-4-1-170 b_departure_time=76050 b_segment=G00181->G00177 b_progress=77.726 b_lat=-6.1934586 b_lng=106.8949233 progress_diff_percentage=11.026 time_gap_seconds=450 distance_gap_meters=900.1
[gtfs_spatial_audit] closest_pair time=22_00 route_id=4 direction_id=1 a_trip_id=4-R27 a_trip_instance_id=BUS-4-1-170 a_departure_time=76050 a_segment=G00181->G00177 a_progress=77.726 a_lat=-6.1934586 a_lng=106.8949233 b_trip_id=4-R27 b_trip_instance_id=BUS-4-1-169 b_departure_time=75600 b_segment=G00175->G00172 b_progress=88.760 b_lat=-6.1913981 b_lng=106.9050543 progress_diff_percentage=11.034 time_gap_seconds=450 distance_gap_meters=1143.1
[gtfs_spatial_audit] closest_pair time=22_00 route_id=4 direction_id=1 a_trip_id=4-R27 a_trip_instance_id=BUS-4-1-176 a_departure_time=78750 a_segment=G00734->G00700 a_progress=11.291 a_lat=-6.2066852 a_lng=106.8396321 b_trip_id=4-R27 b_trip_instance_id=BUS-4-1-175 b_departure_time=78300 b_segment=B08301P->G00196 b_progress=22.325 b_lat=-6.2032564 b_lng=106.8513319 progress_diff_percentage=11.034 time_gap_seconds=450 distance_gap_meters=1348.4
[gtfs_spatial_audit] closest_pair time=22_00 route_id=4 direction_id=1 a_trip_id=4-R27 a_trip_instance_id=BUS-4-1-172 a_departure_time=76950 a_segment=B08047P->G00186 a_progress=55.661 a_lat=-6.1927813 a_lng=106.8796726 b_trip_id=4-R27 b_trip_instance_id=BUS-4-1-171 b_departure_time=76500 b_segment=G00185->G00182 b_progress=66.701 b_lat=-6.1933474 b_lng=106.8867819 progress_diff_percentage=11.040 time_gap_seconds=450 distance_gap_meters=788.4
[gtfs_spatial_audit] spacing_summary time=22_00 route_id=5 direction_id=0 active_count=21 min_progress_gap=1.0454023982021425 median_progress_gap=4.907120743034053 min_departure_gap_seconds=15 median_departure_gap_seconds=163.5 min_distance_gap_meters=378.69351814645097 median_distance_gap_meters=5342.470607678622 pairs_progress_gap_lt_1pct=0 pairs_departure_gap_lt_120s=8
[gtfs_spatial_audit] closest_pair time=22_00 route_id=5 direction_id=0 a_trip_id=5-R02 a_trip_instance_id=BUS-5-0-476 a_departure_time=75780 a_segment=G00355->G00670 a_progress=97.283 a_lat=-6.2231395 a_lng=106.8675349 b_trip_id=5-R01 b_trip_instance_id=BUS-5-0-233 b_departure_time=75864 b_segment=G00239->G00241 b_progress=98.328 b_lat=-6.1293106 b_lng=106.8307313 progress_diff_percentage=1.045 time_gap_seconds=84 distance_gap_meters=11198.5
[gtfs_spatial_audit] closest_pair time=22_00 route_id=5 direction_id=0 a_trip_id=5-R02 a_trip_instance_id=BUS-5-0-477 a_departure_time=76140 a_segment=G00210->G00206 a_progress=87.130 a_lat=-6.2152291 a_lng=106.8653937 b_trip_id=5-R01 b_trip_instance_id=BUS-5-0-234 b_departure_time=76191 b_segment=G00237->G00239 b_progress=88.514 b_lat=-6.1366737 b_lng=106.8322807 progress_diff_percentage=1.383 time_gap_seconds=51 distance_gap_meters=9471.0
[gtfs_spatial_audit] closest_pair time=22_00 route_id=5 direction_id=0 a_trip_id=5-R02 a_trip_instance_id=BUS-5-0-478 a_departure_time=76500 a_segment=G00212->G00210 a_progress=76.680 a_lat=-6.2086602 a_lng=106.8594371 b_trip_id=5-R01 b_trip_instance_id=BUS-5-0-235 b_departure_time=76518 b_segment=G00233->G00235 b_progress=79.009 b_lat=-6.1555682 b_lng=106.8364061 progress_diff_percentage=2.330 time_gap_seconds=18 distance_gap_meters=6429.2
[gtfs_spatial_audit] closest_pair time=22_00 route_id=5 direction_id=0 a_trip_id=5-R02 a_trip_instance_id=BUS-5-0-479 a_departure_time=76860 a_segment=G00216->G00214 a_progress=66.557 a_lat=-6.2009195 a_lng=106.8553371 b_trip_id=5-R01 b_trip_instance_id=BUS-5-0-236 b_departure_time=76845 b_segment=G00229->G00231 b_progress=69.505 b_lat=-6.1682956 b_lng=106.8395612 progress_diff_percentage=2.947 time_gap_seconds=15 distance_gap_meters=4025.1
[gtfs_spatial_audit] closest_pair time=22_00 route_id=5 direction_id=0 a_trip_id=5-R02 a_trip_instance_id=BUS-5-0-480 a_departure_time=77220 a_segment=G00220->G00218 a_progress=56.405 a_lat=-6.1953417 a_lng=106.8501993 b_trip_id=5-R01 b_trip_instance_id=BUS-5-0-237 b_departure_time=77172 b_segment=G00224->G00229 b_progress=59.690 b_lat=-6.1836984 b_lng=106.8436774 progress_diff_percentage=3.286 time_gap_seconds=48 distance_gap_meters=1481.9
[gtfs_spatial_audit] active_trip_id_patterns route_id=1 direction_id=0 trip_ids=['1-R07']
[gtfs_spatial_audit] active_trip_id_patterns route_id=1 direction_id=1 trip_ids=['1-R08']
[gtfs_spatial_audit] active_trip_id_patterns route_id=2 direction_id=0 trip_ids=['2-R05']
[gtfs_spatial_audit] active_trip_id_patterns route_id=2 direction_id=1 trip_ids=['2-R04']
[gtfs_spatial_audit] active_trip_id_patterns route_id=3 direction_id=0 trip_ids=['3-R05']
[gtfs_spatial_audit] active_trip_id_patterns route_id=3 direction_id=1 trip_ids=['3-R06']
[gtfs_spatial_audit] active_trip_id_patterns route_id=4 direction_id=0 trip_ids=['4-R26']
[gtfs_spatial_audit] active_trip_id_patterns route_id=4 direction_id=1 trip_ids=['4-R27']
[gtfs_spatial_audit] active_trip_id_patterns route_id=5 direction_id=0 trip_ids=['5-R01', '5-R02']
[gtfs] generated 2149 simulated trip instances across 5 corridors; latest ridership date=2026-02-28
[startup] loaded 2149 buses / 39138 stops, 4073 shape points, 289 halte, 308 segmen, 17164 baris kepadatan_bus fallback, 2149 GTFS-generated trip instances, simulation_run_id=run-2557517e
INFO:     127.0.0.1:49673 - "GET /api/rute/halte HTTP/1.1" 200 OK
INFO:     127.0.0.1:55466 - "GET /api/rute/halte HTTP/1.1" 200 OK
INFO:     127.0.0.1:60831 - "GET /api/rute/halte HTTP/1.1" 200 OK
[gtfs_crowding] tanggal=2026-02-07 koridor_id=4 jumlah_pelanggan_pemodelan=6218.500000 total_generated_trip_instances=365 total_allocated_passengers=6218.500000 allocation_error=-0.000000000004
[gtfs_crowding] sanity sum_allocated_equals_daily_ridership=True
[gtfs_crowding] time_band_summary time_band=early time_range=05:00-06:00 time_band_weight=0.70 trip_count=16 raw_weight_sum=10.808718 allocated_passengers=235.130704 average_trip_load_factor=0.183696 min_trip_load_factor=0.139211 max_trip_load_factor=0.227730
[gtfs_crowding] time_band_summary time_band=morning_peak time_range=06:00-09:00 time_band_weight=1.40 trip_count=45 raw_weight_sum=63.462849 allocated_passengers=1380.558234 average_trip_load_factor=0.383488 min_trip_load_factor=0.284837 max_trip_load_factor=0.489743
[gtfs_crowding] time_band_summary time_band=midday_offpeak time_range=09:00-16:00 time_band_weight=0.85 trip_count=107 raw_weight_sum=91.433923 allocated_passengers=1989.035449 average_trip_load_factor=0.232364 min_trip_load_factor=0.152699 max_trip_load_factor=0.311407
[gtfs_crowding] time_band_summary time_band=evening_peak time_range=16:00-20:00 time_band_weight=1.35 trip_count=60 raw_weight_sum=81.848936 allocated_passengers=1780.525525 average_trip_load_factor=0.370943 min_trip_load_factor=0.246065 max_trip_load_factor=0.513934
[gtfs_crowding] time_band_summary time_band=night time_range=20:00-22:00 time_band_weight=0.55 trip_count=31 raw_weight_sum=17.540309 allocated_passengers=381.568406 average_trip_load_factor=0.153858 min_trip_load_factor=0.109900 max_trip_load_factor=0.205744
[gtfs_crowding] time_band_summary time_band=late_night time_range=22:00-05:00 time_band_weight=0.20 trip_count=106 raw_weight_sum=20.763345 allocated_passengers=451.681683 average_trip_load_factor=0.053264 min_trip_load_factor=0.032631 max_trip_load_factor=0.074654
[gtfs_crowding] tanggal=2026-02-27 koridor_id=3 jumlah_pelanggan_pemodelan=11631.333333 total_generated_trip_instances=444 total_allocated_passengers=11631.333333 allocation_error=0.000000000004
[gtfs_crowding] sanity sum_allocated_equals_daily_ridership=True
[gtfs_crowding] time_band_summary time_band=early time_range=05:00-06:00 time_band_weight=0.70 trip_count=30 raw_weight_sum=20.963613 allocated_passengers=703.429288 average_trip_load_factor=0.293096 min_trip_load_factor=0.195751 max_trip_load_factor=0.398339
[gtfs_crowding] time_band_summary time_band=morning_peak time_range=06:00-09:00 time_band_weight=1.40 trip_count=54 raw_weight_sum=75.517078 allocated_passengers=2533.958440 average_trip_load_factor=0.586564 min_trip_load_factor=0.352325 max_trip_load_factor=0.755195
[gtfs_crowding] time_band_summary time_band=midday_offpeak time_range=09:00-16:00 time_band_weight=0.85 trip_count=126 raw_weight_sum=107.626747 allocated_passengers=3611.391106 average_trip_load_factor=0.358273 min_trip_load_factor=0.213912 max_trip_load_factor=0.499127
[gtfs_crowding] time_band_summary time_band=evening_peak time_range=16:00-20:00 time_band_weight=1.35 trip_count=72 raw_weight_sum=97.318487 allocated_passengers=3265.499774 average_trip_load_factor=0.566927 min_trip_load_factor=0.348127 max_trip_load_factor=0.776531
[gtfs_crowding] time_band_summary time_band=night time_range=20:00-22:00 time_band_weight=0.55 trip_count=36 raw_weight_sum=19.833563 allocated_passengers=665.510708 average_trip_load_factor=0.231080 min_trip_load_factor=0.163521 max_trip_load_factor=0.301296
[gtfs_crowding] time_band_summary time_band=late_night time_range=22:00-05:00 time_band_weight=0.20 trip_count=126 raw_weight_sum=25.377731 allocated_passengers=851.544017 average_trip_load_factor=0.084479 min_trip_load_factor=0.054233 max_trip_load_factor=0.117236
[gtfs_crowding] tanggal=2026-02-07 koridor_id=2 jumlah_pelanggan_pemodelan=14694.000000 total_generated_trip_instances=355 total_allocated_passengers=14694.000000 allocation_error=0.000000000015
[gtfs_crowding] sanity sum_allocated_equals_daily_ridership=True
[gtfs_crowding] time_band_summary time_band=early time_range=05:00-06:00 time_band_weight=0.70 trip_count=32 raw_weight_sum=21.837793 allocated_passengers=1180.753846 average_trip_load_factor=0.461232 min_trip_load_factor=0.343973 max_trip_load_factor=0.651656
[gtfs_crowding] time_band_summary time_band=morning_peak time_range=06:00-09:00 time_band_weight=1.40 trip_count=42 raw_weight_sum=57.889869 allocated_passengers=3130.063735 average_trip_load_factor=0.931567 min_trip_load_factor=0.632236 max_trip_load_factor=1.311893
[gtfs_crowding] time_band_summary time_band=midday_offpeak time_range=09:00-16:00 time_band_weight=0.85 trip_count=98 raw_weight_sum=81.099030 allocated_passengers=4384.966468 average_trip_load_factor=0.559307 min_trip_load_factor=0.344692 max_trip_load_factor=0.750213
[gtfs_crowding] time_band_summary time_band=evening_peak time_range=16:00-20:00 time_band_weight=1.35 trip_count=56 raw_weight_sum=76.741736 allocated_passengers=4149.370728 average_trip_load_factor=0.926199 min_trip_load_factor=0.585139 max_trip_load_factor=1.277387
[gtfs_crowding] time_band_summary time_band=night time_range=20:00-22:00 time_band_weight=0.55 trip_count=28 raw_weight_sum=14.566434 allocated_passengers=787.596659 average_trip_load_factor=0.351606 min_trip_load_factor=0.235226 max_trip_load_factor=0.459347
[gtfs_crowding] time_band_summary time_band=late_night time_range=22:00-05:00 time_band_weight=0.20 trip_count=99 raw_weight_sum=19.627568 allocated_passengers=1061.248563 average_trip_load_factor=0.133996 min_trip_load_factor=0.084942 max_trip_load_factor=0.167881
[gtfs_crowding] tanggal=2026-02-14 koridor_id=5 jumlah_pelanggan_pemodelan=15026.500000 total_generated_trip_instances=505 total_allocated_passengers=15026.500000 allocation_error=-0.000000000005
[gtfs_crowding] sanity sum_allocated_equals_daily_ridership=True
[gtfs_crowding] time_band_summary time_band=early time_range=05:00-06:00 time_band_weight=0.70 trip_count=21 raw_weight_sum=14.677288 allocated_passengers=556.715774 average_trip_load_factor=0.331378 min_trip_load_factor=0.206069 max_trip_load_factor=0.426368
[gtfs_crowding] time_band_summary time_band=morning_peak time_range=06:00-09:00 time_band_weight=1.40 trip_count=63 raw_weight_sum=89.295158 allocated_passengers=3387.003338 average_trip_load_factor=0.672024 min_trip_load_factor=0.398269 max_trip_load_factor=0.843024
[gtfs_crowding] time_band_summary time_band=midday_offpeak time_range=09:00-16:00 time_band_weight=0.85 trip_count=147 raw_weight_sum=123.554346 allocated_passengers=4686.468924 average_trip_load_factor=0.398509 min_trip_load_factor=0.241806 max_trip_load_factor=0.560366
[gtfs_crowding] time_band_summary time_band=evening_peak time_range=16:00-20:00 time_band_weight=1.35 trip_count=84 raw_weight_sum=116.673581 allocated_passengers=4425.478582 average_trip_load_factor=0.658553 min_trip_load_factor=0.459532 max_trip_load_factor=0.896106
[gtfs_crowding] time_band_summary time_band=night time_range=20:00-22:00 time_band_weight=0.55 trip_count=42 raw_weight_sum=22.729179 allocated_passengers=862.127437 average_trip_load_factor=0.256586 min_trip_load_factor=0.156463 max_trip_load_factor=0.330355
[gtfs_crowding] time_band_summary time_band=late_night time_range=22:00-05:00 time_band_weight=0.20 trip_count=148 raw_weight_sum=29.229990 allocated_passengers=1108.705945 average_trip_load_factor=0.093641 min_trip_load_factor=0.058946 max_trip_load_factor=0.126337
[gtfs_crowding] tanggal=2026-02-24 koridor_id=1 jumlah_pelanggan_pemodelan=72912.000000 total_generated_trip_instances=480 total_allocated_passengers=72912.000000 allocation_error=-0.000000000087
[gtfs_crowding] sanity sum_allocated_equals_daily_ridership=True
[gtfs_crowding] time_band_summary time_band=early time_range=05:00-06:00 time_band_weight=0.70 trip_count=20 raw_weight_sum=14.288348 allocated_passengers=2772.490419 average_trip_load_factor=1.732807 min_trip_load_factor=1.251827 max_trip_load_factor=2.272841
[gtfs_crowding] time_band_summary time_band=morning_peak time_range=06:00-09:00 time_band_weight=1.40 trip_count=60 raw_weight_sum=85.389686 allocated_passengers=16568.891032 average_trip_load_factor=3.451852 min_trip_load_factor=2.230807 max_trip_load_factor=4.718008
[gtfs_crowding] time_band_summary time_band=midday_offpeak time_range=09:00-16:00 time_band_weight=0.85 trip_count=140 raw_weight_sum=120.862858 allocated_passengers=23452.053841 average_trip_load_factor=2.093933 min_trip_load_factor=1.322602 max_trip_load_factor=2.798540
[gtfs_crowding] time_band_summary time_band=evening_peak time_range=16:00-20:00 time_band_weight=1.35 trip_count=80 raw_weight_sum=105.968725 allocated_passengers=20562.017843 average_trip_load_factor=3.212815 min_trip_load_factor=2.040016 max_trip_load_factor=4.518912
[gtfs_crowding] time_band_summary time_band=night time_range=20:00-22:00 time_band_weight=0.55 trip_count=40 raw_weight_sum=21.475158 allocated_passengers=4167.008555 average_trip_load_factor=1.302190 min_trip_load_factor=1.006752 max_trip_load_factor=1.653597
[gtfs_crowding] time_band_summary time_band=late_night time_range=22:00-05:00 time_band_weight=0.20 trip_count=140 raw_weight_sum=27.775606 allocated_passengers=5389.538311 average_trip_load_factor=0.481209 min_trip_load_factor=0.291058 max_trip_load_factor=0.667955
[rute_rekomendasi] asal=G00241 tujuan=G00667 kandidat=1 | pre_rank=1 primary=0.2000 waktu=93m jarak=18170.6m transfer=2 edge_kepadatan=0.645
[rute_rekomendasi_final] asal=G00241 tujuan=G00667 kandidat=1 | rank=1 density_norm=0.698 primary=0.2000 waktu=93m jarak=18170.6m transfer=2 kepadatan=0.698 source=mixed_edge_fallback
INFO:     127.0.0.1:60833 - "POST /api/rute/rekomendasi HTTP/1.1" 200 OK
[rute_rekomendasi] asal=G00241 tujuan=G00419 kandidat=1 | pre_rank=1 primary=0.2000 waktu=206m jarak=40780.6m transfer=2 edge_kepadatan=0.568
[rute_rekomendasi_final] asal=G00241 tujuan=G00419 kandidat=1 | rank=1 density_norm=0.698 primary=0.2000 waktu=206m jarak=40780.6m transfer=2 kepadatan=0.698 source=mixed_edge_fallback
INFO:     127.0.0.1:60835 - "POST /api/rute/rekomendasi HTTP/1.1" 200 OK
[rute_rekomendasi] halte_alias_resolved asal_request=G00241 asal_graph=G00241 tujuan_request=G00562 tujuan_graph=G00560
[rute_rekomendasi] asal=G00241 tujuan=G00562 kandidat=2 | pre_rank=1 primary=0.1000 waktu=42m jarak=7424.2m transfer=1 edge_kepadatan=0.856 | pre_rank=2 primary=0.4500 waktu=44m jarak=7424.2m transfer=1 edge_kepadatan=0.909
[rute_rekomendasi_final] asal=G00241 tujuan=G00562 kandidat=2 | rank=1 density_norm=0.797 primary=0.1000 waktu=42m jarak=7424.2m transfer=1 kepadatan=0.797 source=mixed_edge_fallback | rank=2 density_norm=0.797 primary=0.4500 waktu=44m jarak=7424.2m transfer=1 kepadatan=0.797 source=mixed_edge_fallback
INFO:     127.0.0.1:60837 - "POST /api/rute/rekomendasi HTTP/1.1" 200 OK
[rute_rekomendasi] asal=G00034 tujuan=G00667 kandidat=3 | pre_rank=1 primary=0.3000 waktu=69m jarak=13978.7m transfer=3 edge_kepadatan=0.587 | pre_rank=2 primary=0.3008 waktu=69m jarak=13987.2m transfer=3 edge_kepadatan=0.620 | pre_rank=3 primary=0.8000 waktu=106m jarak=21412.3m transfer=2 edge_kepadatan=0.738
[rute_rekomendasi_final] asal=G00034 tujuan=G00667 kandidat=3 | rank=1 density_norm=0.706 primary=0.3000 waktu=69m jarak=13978.7m transfer=3 kepadatan=0.706 source=mixed_edge_fallback | rank=2 density_norm=0.706 primary=0.3008 waktu=69m jarak=13987.2m transfer=3 kepadatan=0.706 source=mixed_edge_fallback | rank=3 density_norm=0.833 primary=0.8000 waktu=106m jarak=21412.3m transfer=2 kepadatan=0.833 source=mixed_edge_fallback
INFO:     127.0.0.1:60839 - "POST /api/rute/rekomendasi HTTP/1.1" 200 OK
[rute_rekomendasi] asal=G00034 tujuan=G00419 kandidat=3 | pre_rank=1 primary=0.3000 waktu=182m jarak=36588.7m transfer=3 edge_kepadatan=0.535 | pre_rank=2 primary=0.3008 waktu=182m jarak=36597.2m transfer=3 edge_kepadatan=0.549 | pre_rank=3 primary=0.8000 waktu=219m jarak=44022.3m transfer=2 edge_kepadatan=0.624
[rute_rekomendasi_final] asal=G00034 tujuan=G00419 kandidat=3 | rank=1 density_norm=0.706 primary=0.3000 waktu=182m jarak=36588.7m transfer=3 kepadatan=0.706 source=mixed_edge_fallback | rank=2 density_norm=0.706 primary=0.3008 waktu=182m jarak=36597.2m transfer=3 kepadatan=0.706 source=mixed_edge_fallback | rank=3 density_norm=0.833 primary=0.8000 waktu=219m jarak=44022.3m transfer=2 kepadatan=0.833 source=mixed_edge_fallback
INFO:     127.0.0.1:60841 - "POST /api/rute/rekomendasi HTTP/1.1" 200 OK
[rute_rekomendasi] halte_alias_resolved asal_request=G00034 asal_graph=G00034 tujuan_request=G00562 tujuan_graph=G00560
[rute_rekomendasi] asal=G00034 tujuan=G00562 kandidat=2 | pre_rank=1 primary=0.1000 waktu=88m jarak=15631.9m transfer=1 edge_kepadatan=1.000 | pre_rank=2 primary=1.0000 waktu=175m jarak=31269.7m transfer=4 edge_kepadatan=0.540
[rute_rekomendasi_final] asal=G00034 tujuan=G00562 kandidat=2 | rank=1 density_norm=0.773 primary=1.0000 waktu=175m jarak=31269.7m transfer=4 kepadatan=0.773 source=mixed_edge_fallback | rank=2 density_norm=1.000 primary=0.1000 waktu=88m jarak=15631.9m transfer=1 kepadatan=1.000 source=mixed_edge_fallback
INFO:     127.0.0.1:60843 - "POST /api/rute/rekomendasi HTTP/1.1" 200 OK
[rute_rekomendasi] asal=G00412 tujuan=G00667 kandidat=1 | pre_rank=1 primary=0.0000 waktu=159m jarak=31936.2m transfer=0 edge_kepadatan=0.498
[rute_rekomendasi_final] asal=G00412 tujuan=G00667 kandidat=1 | rank=1 density_norm=0.498 primary=0.0000 waktu=159m jarak=31936.2m transfer=0 kepadatan=0.498 source=mixed_edge_fallback
INFO:     127.0.0.1:60849 - "POST /api/rute/rekomendasi HTTP/1.1" 200 OK
[rute_rekomendasi] asal=G00412 tujuan=G00419 kandidat=1 | pre_rank=1 primary=0.0000 waktu=15m jarak=3173.5m transfer=0 edge_kepadatan=0.498
[rute_rekomendasi_final] asal=G00412 tujuan=G00419 kandidat=1 | rank=1 density_norm=0.498 primary=0.0000 waktu=15m jarak=3173.5m transfer=0 kepadatan=0.498 source=mixed_edge_fallback
INFO:     127.0.0.1:60851 - "POST /api/rute/rekomendasi HTTP/1.1" 200 OK
[rute_rekomendasi] halte_alias_resolved asal_request=G00412 asal_graph=G00412 tujuan_request=G00562 tujuan_graph=G00560
[rute_rekomendasi] asal=G00412 tujuan=G00562 kandidat=3 | pre_rank=1 primary=0.4472 waktu=171m jarak=30644.9m transfer=1 edge_kepadatan=0.720 | pre_rank=2 primary=0.4500 waktu=171m jarak=30644.9m transfer=1 edge_kepadatan=0.705 | pre_rank=3 primary=0.6500 waktu=160m jarak=30874.0m transfer=4 edge_kepadatan=0.765
[rute_rekomendasi_final] asal=G00412 tujuan=G00562 kandidat=3 | rank=1 density_norm=0.749 primary=0.4472 waktu=171m jarak=30645.0m transfer=1 kepadatan=0.749 source=mixed_edge_fallback | rank=2 density_norm=0.749 primary=0.4500 waktu=171m jarak=30645.0m transfer=1 kepadatan=0.749 source=mixed_edge_fallback | rank=3 density_norm=0.810 primary=0.6500 waktu=160m jarak=30874.0m transfer=4 kepadatan=0.810 source=mixed_edge_fallback
INFO:     127.0.0.1:60853 - "POST /api/rute/rekomendasi HTTP/1.1" 200 OK
[rute_rekomendasi] asal=G00427 tujuan=G00667 kandidat=1 | pre_rank=1 primary=0.0000 waktu=253m jarak=50555.6m transfer=0 edge_kepadatan=0.498
[rute_rekomendasi_final] asal=G00427 tujuan=G00667 kandidat=1 | rank=1 density_norm=0.498 primary=0.0000 waktu=253m jarak=50555.6m transfer=0 kepadatan=0.498 source=mixed_edge_fallback
INFO:     127.0.0.1:60855 - "POST /api/rute/rekomendasi HTTP/1.1" 200 OK
[rute_rekomendasi] asal=G00427 tujuan=G00419 kandidat=1 | pre_rank=1 primary=0.0000 waktu=109m jarak=21792.9m transfer=0 edge_kepadatan=0.498
[rute_rekomendasi_final] asal=G00427 tujuan=G00419 kandidat=1 | rank=1 density_norm=0.498 primary=0.0000 waktu=109m jarak=21792.9m transfer=0 kepadatan=0.498 source=mixed_edge_fallback
INFO:     127.0.0.1:52721 - "POST /api/rute/rekomendasi HTTP/1.1" 200 OK
[rute_rekomendasi] halte_alias_resolved asal_request=G00427 asal_graph=G00427 tujuan_request=G00562 tujuan_graph=G00560
[rute_rekomendasi] asal=G00427 tujuan=G00562 kandidat=3 | pre_rank=1 primary=0.4472 waktu=265m jarak=49264.3m transfer=1 edge_kepadatan=0.649 | pre_rank=2 primary=0.4500 waktu=265m jarak=49264.3m transfer=1 edge_kepadatan=0.639 | pre_rank=3 primary=0.6500 waktu=255m jarak=49493.4m transfer=4 edge_kepadatan=0.682
[rute_rekomendasi_final] asal=G00427 tujuan=G00562 kandidat=3 | rank=1 density_norm=0.749 primary=0.4472 waktu=265m jarak=49264.3m transfer=1 kepadatan=0.749 source=mixed_edge_fallback | rank=2 density_norm=0.749 primary=0.4500 waktu=265m jarak=49264.3m transfer=1 kepadatan=0.749 source=mixed_edge_fallback | rank=3 density_norm=0.810 primary=0.6500 waktu=255m jarak=49493.4m transfer=4 kepadatan=0.810 source=mixed_edge_fallback
INFO:     127.0.0.1:52724 - "POST /api/rute/rekomendasi HTTP/1.1" 200 OK
